direction,diselPrice,gasolinePrice,lpgPrice,lpgYn,oilCompany,serviceAreaCode,telNo,routeCode,routeName,serviceAreaCode2,serviceAreaName,svarAddr
밀양,"1,499원","1,688원",X,N,AD,B00271,052-977-2243,,,,,
순천,"1,505원","1,670원",X,N,AD,B00269,061-864-5008,,,,,
울산,"1,499원","1,688원",X,N,AD,B00270,052-977-3243,,,,,
제천,"1,535원","1,689원","1,090원",Y,SK,B00268,070-4172-8087,,,,,
평택,"1,535원","1,689원","1,090원",Y,SK,B00272,070-4172-8085,,,,,
부산,"1,510원","1,630원",998원,Y,AD,B00001,02-573-7430,0010,경부선,000002,서울만남(부산)주유소,서울시 서초구 원지동10-16
부산,"1,505원","1,657원",980원,Y,AD,B00002,031-286-5185,0010,경부선,000006,기흥(부산)주유소,경기도 용인시 기흥읍공세리 277-7
부산,"1,504원","1,665원","1,004원",Y,AD,B00014,031-651-5385,0010,경부선,000010,안성(부산)주유소,경기 안성시 원곡면반제리 137-3
부산,"1,509원","1,665원",946원,Y,AD,B00021,041-557-6161,0010,경부선,000014,망향(부산)주유소,충남 천안시 서북구 성거읍석문길98
부산,"1,508원","1,665원","1,085원",Y,AD,B00022,043-269-0843,0010,경부선,000022,옥산(부산)주유소,청주시 흥덕구 옥산면 경부고속도로 309-1
부산,"1,519원","1,679원","1,090원",Y,AD,B00024,041-552-6367,0010,경부선,000018,천안호두(부산)주유소,충남 천안시 수신면신풍리 348
부산,"1,502원","1,665원",946원,Y,AD,B00026,043-269-4434,0010,경부선,000027,죽암(부산)주유소,충북 청주시 서원구 현도면 경부고속도로287 죽암(부산)주유소
부산,"1,499원","1,688원",X,N,AD,B00027,043-733-0439,0010,경부선,000035,금강(부산)주유소,충북 옥천군 동이면조령리 568
부산,"1,501원","1,647원","1,068원",Y,AD,B00035,043-742-5853,0010,경부선,000037,황간(부산)주유소,충북 영동군 황간면회포리 산1-9
부산,"1,498원","1,673원",X,N,AD,B00048,054-430-0502,0010,경부선,000041,추풍령(부산)주유소,경북 김천시 봉산면광천리 699-2
부산,"1,493원","1,669원","1,000원",Y,AD,B00051,053-851-6110,0010,경부선,000051,평사(부산)주유소,경북 경산시 진량읍경부고속도로 105 평사(부산방향)주유소
부산,"1,478원","1,669원",980원,Y,AD,B00052,054-975-1734,0010,경부선,000045,칠곡(부산)주유소,경북 칠곡군 왜관읍아곡리 산239-5
부산,"1,499원","1,688원","1,078원",Y,AD,B00081,043-731-8524,0010,경부선,000031,옥천(부산)주유소,충북 옥천군 옥천읍매화리 28-1
부산,"1,508원","1,667원","1,025원",Y,AD,B00121,054-748-3427,0010,경부선,000056,경주(부산)주유소,경북 경주시 내남면월산리 산43-1
부산,"1,494원","1,667원","1,099원",Y,AD,B00162,054-435-0266,0010,경부선,000343,김천(부산)주유소,경북 김천시 농소면신촌리 730-2
부산,"1,498원","1,647원","1,098원",Y,AD,B00179,055-372-6163,0010,경부선,000373,통도사(부산)주유소,경남 양산시 하북면순지리 89-5
부산,"1,599원","1,749원",X,N,SK,B00183,043-732-0081,0010,경부선,000405,옥천만남의광장주유소,충북 옥천군 옥천읍중앙로 135
부산,"1,478원","1,669원",X,N,AD,B00200,054-751-4600,0010,경부선,000485,건천(부산)주유소,경북 경주시 건천읍경부고속도로 77
서울,"1,501원","1,637원","1,016원",Y,AD,B00003,031-664-4096,0010,경부선,000008,안성(서울)주유소,경기도 안성군 원곡면산하리 산68-6
서울,"1,506원","1,678원",X,N,AD,B00012,031-262-4602,0010,경부선,000004,죽전(서울)주유소,경기 용인시 죽전동866-2
서울,"1,544원","1,699원","1,040원",Y,SK,B00023,041-555-3001,0010,경부선,000016,천안삼거리(서울)주유소,충남 천안시 구성동155-5
서울,"1,499원","1,665원","1,078원",Y,AD,B00025,043-260-5341,0010,경부선,000025,죽암(서울)주유소,충북 청원군 현도면죽전리 40
서울,"1,500원","1,647원","1,006원",Y,AD,B00033,043-733-9924,0010,경부선,000033,옥천(서울)주유소,충북 옥천군 옥천읍매화리 43-7
서울,"1,501원","1,647원",X,N,AD,B00034,043-742-1266,0010,경부선,000039,황간(서울)주유소,충북 영동군 황간면회포리 1-8
서울,"1,494원","1,549원","1,149원",Y,AD,B00036,041-588-2184,0010,경부선,000012,입장거봉포도(서울)주유소,충남 천안시 입장면가산리 362-6
서울,"1,501원","1,647원","1,006원",Y,AD,B00047,054-439-3187,0010,경부선,000043,추풍령(서울)주유소,경북 김천시 봉산면광천리 180-2
서울,"1,493원","1,669원","1,000원",Y,AD,B00049,054-975-2544,0010,경부선,000047,칠곡(서울)주유소,경북 칠곡군 왜관읍아곡리 산149
서울,"1,499원","1,688원",X,N,AD,B00050,053-851-7025,0010,경부선,000049,경산(서울)주유소,경북 경산시 진량면신상리 대학로 1089
서울,"1,508원","1,657원",X,N,AD,B00053,054-751-8256,0010,경부선,000053,건천(서울)주유소,경북 경주시 건천읍방내리 28-1
서울,"1,489원","1,688원","1,079원",Y,AD,B00059,052-263-6146,0010,경부선,000058,언양(서울)주유소,울산광역시 울주군 언양읍반곡리 966-8
서울,"1,489원","1,660원","1,110원",Y,AD,B00078,055-389-1750,0010,경부선,000061,양산(서울)주유소,경남 양산시 동면내송리 산85-18
서울,"1,506원","1,669원","1,078원",Y,AD,B00080,042-934-2445,0010,경부선,000029,신탄진(서울)주유소,대전시 대덕구 상서동236-1
서울,"1,499원","1,665원","1,048원",Y,AD,B00118,043-231-8833,0010,경부선,000020,청주(서울)주유소,충북 청원군 옥산면 장남리284-16
서울,"1,492원","1,665원","1,099원",Y,AD,B00150,054-431-4477,0010,경부선,000307,김천(서울)주유소,경북 김천시 농소면신촌리 728-1
부산,"1,509원","1,663원",X,N,AD,B00042,061-772-2106,0100,남해선,000079,섬진강(부산)주유소,전남 광양시 진월면신아리 1192-3
부산,"1,509원","1,663원",989원,Y,AD,B00067,055-854-8622,0100,남해선,000075,사천(부산)주유소,경남 사천시 곤양면묵곡리 산53-1
부산,"1,503원","1,658원",888원,Y,S,B00069,055-342-8770,0100,남해선,000065,진영(부산)주유소,경남 김해시 진영읍우동리 377-2
부산,"1,505원","1,665원","1,069원",Y,AD,B00163,055-759-1028,0100,남해선,000346,진주(부산)주유소,경남 진주시 호탄동382 외 62필지
부산,"1,504원","1,663원","1,049원",Y,AD,B00164,055-583-9341,0100,남해선,000345,함안(부산)주유소,경남 함안군 군북면현포로 205
부산,"1,501원","1,647원","1,058원",Y,AD,B00181,070-4325-8800,0100,남해선,000403,보성녹차(영암)주유소,전남 보성군 미력면화방리 산196-7
순천,"1,509원","1,663원",X,N,AD,B00041,061-772-4163,0100,남해선,000080,섬진강(순천)주유소,전남 광양시 진월면신아리 220-1
순천,"1,509원","1,663원",989원,Y,AD,B00066,055-854-6732,0100,남해선,000076,사천(순천)주유소,경남 사천시 곤양면묵곡리 산171-31
순천,"1,508원","1,657원","1,068원",Y,AD,B00068,055-342-0878,0100,남해선,000066,진영(순천)주유소,경남 김해시 진영읍우동리 300-3
순천,"1,504원","1,663원","1,036원",Y,AD,B00106,055-762-2048,0100,남해선,000072,문산(순천)주유소,경상남도 진주시 문산읍소문리 969
순천,"1,501원","1,647원","1,068원",Y,AD,B00165,055-582-6321,0100,남해선,000349,함안(순천)주유소,경남 함안군 군북면현포로 205-1
순천,"1,501원","1,647원","1,058원",Y,AD,B00182,070-4325-8805,0100,남해선,000402,보성녹차(순천)주유소,전남 보성군 겸백면남해고속도로 70번지
대구,"1,501원","1,647원","1,058원",Y,AD,B00143,061-324-8864,0121,무안광주선,000271,함평나비(광주)주유소,전남 함평군 엄다면무안광주고속도로 12-1
무안,"1,501원","1,647원","1,058원",Y,AD,B00142,061-323-8867,0121,무안광주선,000272,함평나비(무안)주유소,전남 함평군 엄다면성천리(무안광주고속도로)
대구,"1,501원","1,647원","1,068원",Y,AD,B00044,063-636-2721,0122,광주대구선,000089,지리산(대구)주유소,전북 남원시 아영면아곡리 798
대구,"1,502원","1,672원",X,N,AD,B00116,055-941-0863,0122,광주대구선,000082,거창(대구)주유소,경남 거창군 가조면 도리181
대구,"1,627원","1,799원",X,N,AD,B00191,063-653-3068,0122,광주대구선,000417,강천산(대구)주유소,전북 순창군 순창읍88올림픽고속도로 22
대구,"1,493원","1,669원","1,000원",Y,AD,B00198,070-4304-0630,0122,광주대구선,000448,논공(대구)주유소,대구 달성군 논공읍88올림픽고속도로 176
무안,"1,501원","1,647원","1,068원",Y,AD,B00045,063-636-2722,0122,광주대구선,000340,지리산(광주)주유소,전북 남원시 아영면아곡리 산 83
무안,"1,502원","1,672원","1,027원",Y,AD,B00117,055-941-0861,0122,광주대구선,000085,거창(광주)주유소,경남 거창군 가조면 도리181
무안,"1,627원","1,799원",X,N,AD,B00195,063-653-4171,0122,광주대구선,000437,강천산(광주)주유소,전북 순창군 순창읍88올림픽고속도록 23
무안,"1,493원","1,669원","1,000원",Y,AD,B00199,070-4304-0610,0122,광주대구선,000449,논공(광주)주유소,대구 달성군 논공읍88올림픽고속도로 175
목포,"1,501원","1,647원","1,016원",Y,AD,B00011,031-353-8015,0150,서해안선,000095,화성(목포)주유소,경기도 화성군 팔탄면덕촌리 102-6
목포,"1,796원","1,896원","1,129원",Y,HD,B00084,041-357-8141,0150,서해안선,000369,행담도(목포)주유소,충남 당진군 신평면매산리(서해안고속도로) 275
목포,"1,589원","1,724원",998원,Y,SK,B00086,041-931-5871,0150,서해안선,000105,대천(목포)주유소,충남 보령시 주교면주교리 933-5
목포,"1,519원","1,699원","1,059원",Y,AD,B00096,041-688-8817,0150,서해안선,000335,서산(목포)주유소,충남 서산시 해미면삼송리 119
목포,"1,505원","1,669원","1,090원",Y,AD,B00098,063-453-5763,0150,서해안선,000109,군산(목포)주유소,전라북도 군산시 성산면신곡리
목포,"1,505원","1,669원",X,N,AD,B00100,061-324-4136,0150,서해안선,000116,함평천지(목포)주유소,전라남도 함평군 함평읍장교리 산112-12
목포,"1,498원","1,637원","1,016원",Y,AD,B00104,063-561-6318,0150,서해안선,000111,고창고인돌(목포)주유소,전북 고창군 신림면벽송리 산103-1
목포,"1,499원","1,669원",990원,Y,AD,B00129,041-642-1145,0150,서해안선,000256,홍성(목포)주유소,충남 홍성군 은하면금국리(서해안고속도로)
목포,"1,501원","1,647원","1,016원",Y,AD,B00139,041-952-9738,0150,서해안선,000264,서천(목포)주유소,충남 서천군 비인면성산리 387-10
목포,"1,498원","1,647원",X,N,AD,B00234,063-776-8088,0150,서해안선,000588,부안고려청자(목포)주유소,전북 부안군 주산면 서해안고속도로103
시흥,"1,501원","1,647원","1,016원",Y,AD,B00010,031-353-8148,0150,서해안선,000094,화성(서울)주유소,경기도 화성군 팔탄면덕천리 253
시흥,"1,589원","1,724원",998원,Y,SK,B00085,041-931-5371,0150,서해안선,000104,대천(서울)주유소,충남 보령시 주교면주교리 904-34
시흥,"1,519원","1,699원","1,059원",Y,AD,B00095,041-688-7717,0150,서해안선,000101,서산(서울)주유소,충청남도 서산시 해미면삼송리 236-11
시흥,"1,505원","1,674원","1,090원",Y,AD,B00097,063-453-5163,0150,서해안선,000107,군산(서울)주유소,전라북도 군산시 나포면서포리
시흥,"1,505원","1,669원","1,029원",Y,AD,B00099,061-322-4409,0150,서해안선,000114,함평천지(서울)주유소,전라남도 함평군 손불면죽암리 29-1
시흥,"1,498원","1,637원","1,016원",Y,AD,B00103,063-561-0962,0150,서해안선,000113,고창고인돌(서울)주유소,전북 고창군 고창읍신월리 66-1
시흥,"1,507원","1,675원",990원,Y,AD,B00128,041-642-1178,0150,서해안선,000255,홍성(서울)주유소,충남 홍성군 은하면금국리(서해안고속도로)
시흥,"1,506원","1,678원","1,025원",Y,AD,B00138,041-952-9735,0150,서해안선,000263,서천(서울)주유소,충남 서천군 비인면성산리 22-4
시흥,X,X,X,N,SK,B00157,031-411-0592,0150,서해안선,000327,목감(서울)주유소,경기 시흥시 목감동112-5 외9필지
시흥,"1,796원","1,896원","1,129원",Y,HD,B00176,041-357-8141,0150,서해안선,000368,행담도(서울)주유소,충남 당진군 신평면매산리 503-2
시흥,"1,508원","1,672원",X,N,AD,B00233,063-776-7088,0150,서해안선,000587,부안고려청자(서울)주유소,전북 부안군 주산면 서해안고속도로106
익산,"1,509원","1,669원",X,N,AD,B00148,063-432-1383,0205,완주장수선,000287,진안마이산(익산)주유소,전북 진안군 진안읍단양리 171-110
포항,"1,509원","1,669원","1,078원",Y,AD,B00149,063-432-6353,0205,완주장수선,000308,진안마이산(장수)주유소,전북 진안군 진안읍단양리 333-75
익산,X,X,X,N,AD,B00132,054-338-9301,0207,대구포항선,000260,영천(대구)주유소,경북 영천시 임고면금대리 99
익산,"1,504원","1,672원","1,029원",Y,AD,B00133,054-337-5074,0207,대구포항선,000297,청통(대구)주유소,경북 영천시 청통면우천리 산 160-4
포항,"1,504원","1,672원","1,029원",Y,AD,B00130,053-853-1082,0207,대구포항선,000298,와촌(포항)주유소,경북 경산시 와촌면강학리 산 71-1
포항,"1,508원","1,667원",X,N,AD,B00131,054-338-9135,0207,대구포항선,000259,영천(포항)주유소,경상북도 영천시 임고면 운주로 777 (영천(포항방향)주유소)금대리 103
논산,"1,504원","1,669원",X,N,AD,B00037,063-836-5272,0251,호남선,000120,여산(천안)주유소,전북 익산시 여산면호산리 210-8
논산,"1,499원","1,665원","1,039원",Y,AD,B00039,063-532-2373,0251,호남선,000124,정읍녹두장군(천안)주유소,전북 정읍시 북면하북1길 227-23
논산,"1,509원","1,669원","1,045원",Y,AD,B00043,061-362-7188,0251,호남선,000132,곡성(천안)주유소,전남 곡성군 겸면가정리 358-7
논산,"1,505원","1,665원","1,010원",Y,AD,B00076,061-393-0267,0251,호남선,000128,백양사(천안)주유소,전라남도 장성군 북일면 호남고속도로 108-1 (백양사(논산)주유소)박산리 156-4
논산,"1,509원","1,663원","1,055원",Y,AD,B00114,061-754-4454,0251,호남선,000137,주암(천안)주유소,전남 순천시 주암면고산리246-4
논산,"1,509원","1,669원",X,N,AD,B00168,063-236-2592,0251,호남선,000356,이서(천안)주유소,서울 송파구 송파동185-5
순천,"1,504원","1,669원",980원,Y,AD,B00038,063-836-5246,0251,호남선,000121,여산(순천)주유소,전북 익산시 여산면호산리(호남고속도로 191)
순천,"1,505원","1,665원","1,024원",Y,AD,B00040,063-532-0510,0251,호남선,000125,정읍녹두장군(순천)주유소,전북 정읍시 북면남산리 산20-9
순천,"1,489원","1,635원","1,069원",Y,AD,B00046,061-362-5955,0251,호남선,000133,곡성(순천)주유소,전남 곡성군 겸면가정리(호남고속도로)49-1
순천,"1,489원","1,635원","1,055원",Y,AD,B00073,061-754-4985,0251,호남선,000136,주암(순천)주유소,전남 순천시 주암면고산리 155-1
순천,"1,505원","1,665원",965원,Y,AD,B00077,061-394-5178,0251,호남선,000129,백양사(순천)주유소,전라남도 장성군 북일면박산리 68-3
순천,"1,509원","1,669원","1,024원",Y,AD,B00169,063-227-4334,0251,호남선,000357,이서(순천)주유소,서울 송파구 송파동185-5
광양,"1,505원","1,669원",X,N,AD,B00172,063-644-7300,0270,순천완주선,000363,오수(순천)주유소,전북 임실군 오수면대명리 783-16
광양,"1,504원","1,672원","1,071원",Y,AD,B00175,061-782-1737,0270,순천완주선,000366,황전(순천)주유소,전남 순천시 황전면선변리 595-7
광양,"1,509원","1,669원",X,N,AD,B00238,063-633-0377,0270,순천완주선,000596,춘향(순천)주유소,전북 남원시 수지면순천완주고속도로 49
전주,"1,505원","1,669원","1,059원",Y,AD,B00173,063-644-4800,0270,순천완주선,000362,오수(완주)주유소,전북 임실군 오수면대명리 783-16
전주,"1,499원","1,667원","1,125원",Y,AD,B00174,061-782-1701,0270,순천완주선,000367,황전(완주)주유소,전남 순천시 황전면선변리595-6번지
전주,"1,509원","1,669원",X,N,AD,B00239,063-636-2207,0270,순천완주선,000597,춘향(완주)주유소,전북 남원시 수지면순천완주고속도로 50
상주,"1,514원","1,699원","1,130원",Y,AD,B00146,054-531-1984,0300,서산영덕선,000309,화서(영덕)주유소,경북 상주시 화서면상용리 408
상주,"1,504원","1,669원","1,050원",Y,AD,B00151,041-335-0052,0300,서산영덕선,000315,예산(당진)주유소,충남 예산군 신양면서계양리 662-28
상주,"1,502원","1,668원","1,050원",Y,AD,B00153,041-854-9504,0300,서산영덕선,000325,공주(당진)주유소,충남 공주시 의당면청룡리 71-1
상주,"1,559원","1,709원",999원,Y,AD,B00201,054-862-9036,0300,서산영덕선,000497,의성(청주)주유소,경북 의성군 안계면새못안길 45-49
상주,"1,505원","1,669원",X,N,AD,B00203,054-872-5911,0300,서산영덕선,000505,청송(청주)주유소,경북 청송군 파천면중평병부길 203-92
상주,"1,523원","1,658원",X,N,AD,B00232,043-715-2823,0300,서산영덕선,000584,문의청남대(영덕)주유소,충북 청주시 상당구 문의면남계리 654번지
청원,"1,509원","1,665원","1,095원",Y,AD,B00144,043-544-6311,0300,서산영덕선,000282,속리산(청주)주유소,충북 보은군 마로면적암리(적암길) 56-18
청원,"1,504원","1,669원","1,050원",Y,AD,B00152,041-334-0081,0300,서산영덕선,000317,예산(대전)주유소,충남 예산군 신양면서계양리 672-3
청원,"1,502원","1,668원",X,N,AD,B00154,041-854-9728,0300,서산영덕선,000319,공주(대전)주유소,충남 공주시 장기면송선리 315-5
청원,"1,559원","1,709원",999원,Y,AD,B00202,054-862-9254,0300,서산영덕선,000498,의성(영덕)주유소,경북 의성군 안계면새못안길 45-47
청원,X,X,X,N,AD,B00204,054-872-9102,0300,서산영덕선,000506,청송(영덕)주유소,경북 청송군 파천면중평병부길 203-115
청원,"1,514원","1,679원",X,N,AD,B00231,043-223-2822,0300,서산영덕선,000583,문의청남대(청주)주유소,충북 청주시 상당구 문의면남계리 산59-4번지
통영,"1,509원","1,659원",999원,Y,AD,B00072,055-973-8902,0351,통영대전선,000168,산청(통영)주유소,경남 산청군 단성면방목리 산68-7
통영,"1,499원","1,659원","1,107원",Y,AD,B00083,041-751-2895,0351,통영대전선,000156,금산인삼랜드(통영)주유소,충남 금산군 군북면외부리 718
통영,"1,514원","1,674원","1,069원",Y,AD,B00094,063-353-5100,0351,통영대전선,000160,덕유산(통영)주유소,전라북도 장수군 계북면양악리 394-2
통영,"1,497원","1,667원",959원,Y,AD,B00113,055-963-8762,0351,통영대전선,000164,함양(통영)주유소,경남 함양군 지곡면효산길23-31
통영,"1,494원","1,654원",978원,Y,AD,B00141,055-674-2062,0351,통영대전선,000290,고성공룡나라(통영)주유소,경남 고성군 대가면송계리 477-7번지
하남,"1,509원","1,659원",999원,Y,AD,B00071,055-973-6138,0351,통영대전선,000167,산청(대전)주유소,경남 산청군 단성면방목리 344-21
하남,"1,494원","1,549원",X,N,AD,B00082,041-754-9200,0351,통영대전선,000155,금산인삼랜드(대전)주유소,충남 금산군 군북면외부리 721-3
하남,"1,514원","1,674원","1,069원",Y,AD,B00093,063-353-4200,0351,통영대전선,000159,덕유산(대전)주유소,전라북도 무주군 안성면통영대전고속도로 148
하남,"1,497원","1,667원",959원,Y,AD,B00110,055-964-1041,0351,통영대전선,000163,함양(대전)주유소,경남 함양군 지곡면보산리 278-6
하남,"1,494원","1,654원",998원,Y,AD,B00140,055-674-8062,0351,통영대전선,000291,고성공룡나라(대전)주유소,경남 고성군 대가면신전리 85번지
통영,"1,540원","1,698원","1,021원",Y,AD,B00004,031-793-5800,0352,중부선,000140,하남드림주유소,경기 하남시 천현동181-20
통영,"1,500원","1,668원",X,N,AD,B00029,043-217-1443,0352,중부선,000152,오창(남이)주유소,충청북도 청주시 청원구 오창읍 중부고속도로 19 (오창휴게소 주유소 통영기점)화산리 395-2
통영,"1,505원","1,669원","1,014원",Y,AD,B00031,043-878-5039,0352,중부선,000148,음성(남이)주유소,충청북도 음성군 삼성면 중부고속도로 51 (음성휴게소 하)용성리 산39-3
통영,"1,506원","1,678원","1,025원",Y,AD,B00120,031-637-0401,0352,중부선,000143,이천(남이)주유소,경기 이천시 마장면 목리142
통영,"1,797원","1,897원","1,022원",Y,SK,B00188,031-638-7869,0352,중부선,000412,마장복합(하)주유소,경기 이천시 마장면목리 산 13-32
하남,"1,498원","1,657원","1,016원",Y,AD,B00005,031-637-0953,0352,중부선,000142,이천쌀(하남)주유소,경기 이천시 신둔면용면리(서이천로853번길) 346-149
하남,"1,504원","1,674원",X,N,AD,B00028,043-217-6385,0352,중부선,000151,오창(하남)주유소,충북 청주시 청원구 오창읍중부고속도로 22
하남,"1,501원","1,647원","1,016원",Y,AD,B00030,043-877-1086,0352,중부선,000147,음성(하남)주유소,충북 음성군 삼성면양덕리 467
하남,"1,797원","1,897원",X,N,SK,B00187,031-638-7869,0352,중부선,000411,마장복합(상)주유소,경기 이천시 마장면목리 산 13-32
제천,"1,514원","1,674원","1,060원",Y,AD,B00159,031-674-8644,0400,평택제천선,000334,안성맞춤(제천)주유소,경기 안성시 서운면신능리 51-11
제천,"1,500원","1,668원",999원,Y,AD,B00185,043-881-8122,0400,평택제천선,000416,금왕(제천)주유소,충북 음성군 금왕읍용계리
제천,"1,513원","1,668원","1,039원",Y,AD,B00194,043-844-2988,0400,평택제천선,000421,천등산(제천)주유소,충북 충주시 산척면평택제천고속도로 106
평택,"1,505원","1,671원","1,069원",Y,AD,B00160,031-672-9622,0400,평택제천선,000332,안성맞춤(평택)주유소,경기 안성시 서운면신능리 51-16 외 23필지
평택,"1,500원","1,668원",999원,Y,AD,B00184,043-882-8030,0400,평택제천선,000415,금왕(평택)주유소,충북 음성군 금왕읍용계리 193-3
평택,"1,513원","1,668원",X,N,AD,B00193,043-844-2915,0400,평택제천선,000422,천등산(평택)주유소,충북 충주시 산척면평택제천고속도로 109
마산,"1,509원","1,659원","1,069원",Y,AD,B00070,055-521-3284,0450,중부내륙선,000178,영산(창원)주유소,경남 창녕군 영산면신제리 장척호수길 56-110
마산,"1,519원","1,681원","1,079원",Y,AD,B00101,054-482-6014,0450,중부내륙선,000175,선산(양평)주유소,경북 구미시 옥성면중부내륙고속도로 128-1
마산,"1,503원","1,674원","1,068원",Y,AD,B00108,043-857-7371,0450,중부내륙선,000172,충주(창원)주유소,충북 충주시 중앙탑면 중부내륙고속도로231-1
마산,"1,501원","1,647원","1,068원",Y,AD,B00135,043-832-7970,0450,중부내륙선,000304,괴산(창원)주유소,충북 괴산군 장연면오가리 104번지
마산,"1,499원","1,659원","1,065원",Y,AD,B00136,054-554-1659,0450,중부내륙선,000276,문경(양평)주유소,경북 문경시 유곡동458
마산,"1,497원","1,668원","1,068원",Y,AD,B00145,054-932-0031,0450,중부내륙선,000284,남성주참외(창원)주유소,경북 성주군 선남면명포리 880-5번지
마산,"1,535원","1,719원","1,039원",Y,AD,B00167,031-885-9764,0450,중부내륙선,000352,서여주(양평)주유소,경기 여주시 세종대왕면중부내륙고속도로 272
목포,"1,571원","1,707원",X,N,AD,B00218,031-296-1509,0450,중부내륙선,000546,성주(창원)주유소,경상북도 성주군 초전면중부내륙고속도로 97
시흥,"1,571원","1,707원",X,N,AD,B00217,031-295-1509,0450,중부내륙선,000545,성주(양평)주유소,경상북도 성주군 초전면중부내륙고속도로 98
양평,"1,495원","1,669원","1,039원",Y,AD,B00061,055-587-1420,0450,중부내륙선,000180,칠서(양평)주유소,경남 함안군 칠서면계내리 29
양평,"1,519원","1,681원","1,079원",Y,AD,B00102,054-482-6034,0450,중부내륙선,000176,선산(창원)주유소,경북 구미시 옥성면대원리 85-1
양평,"1,500원","1,668원","1,060원",Y,AD,B00107,043-857-4884,0450,중부내륙선,000171,충주(양평)주유소,충북 충주시 가금면 용전리 380-4
양평,"1,506원","1,669원","1,071원",Y,AD,B00134,043-832-6598,0450,중부내륙선,000296,괴산(양평)주유소,충북 괴산군 장연면오가리 293-2
양평,"1,504원","1,669원","1,055원",Y,AD,B00137,054-554-1614,0450,중부내륙선,000275,문경(창원)주유소,경북 문경시 유곡동418-1
양평,"1,497원","1,668원","1,068원",Y,AD,B00147,054-931-5149,0450,중부내륙선,000283,남성주참외(양평)주유소,경북 성주군 용암면본리 428
양평,"1,535원","1,719원","1,039원",Y,AD,B00166,031-884-9718,0450,중부내륙선,000353,서여주(창원)주유소,경기 여주시 세종대왕면중부내륙고속도로 271
강릉,"1,506원","1,678원","1,025원",Y,AD,B00007,031-332-3221,0500,영동선,000209,용인(강릉)주유소,경기 용인시 양지면주북리 958-3
강릉,"1,502원","1,665원","1,047원",Y,AD,B00008,031-881-6132,0500,영동선,000206,여주(강릉)주유소,경기도 여주시 가남읍 여주남로 722 여주(강릉방향)주유소
강릉,"1,503원","1,668원","1,016원",Y,AD,B00016,033-342-7357,0500,영동선,000196,횡성(강릉)주유소,강원도 횡성군 안흥면소사리 1512-4
강릉,"1,502원","1,665원","1,047원",Y,AD,B00017,033-734-0764,0500,영동선,000202,문막(강릉)주유소,강원 원주시 문막읍동화리 116번지
강릉,"1,507원","1,667원",X,N,AD,B00079,033-334-5108,0500,영동선,000187,평창(강릉)주유소,강원 평창군 용평면이목정리 778-2
강릉,"1,499원","1,688원","1,058원",Y,AD,B00088,033-648-9559,0500,영동선,000183,강릉(강릉)주유소,강원도 강릉시 성산면보광리 산273
강릉,"1,783원","1,892원","1,027원",Y,SK,B00171,031-635-8858,0500,영동선,000359,덕평(강릉)주유소,경기 이천시 마장면각평리 산23
강릉,"1,510원","1,677원","1,057원",Y,SK,B00236,031-403-5158,0500,영동선,000591,안산(강릉)주유소,경기 안산시 단원구 영동고속도로15(선부동)
인천,"1,506원","1,678원","1,025원",Y,AD,B00006,031-339-2262,0500,영동선,000210,용인(인천)주유소,경기 용인시 고림동88-1
인천,"1,502원","1,674원",X,N,AD,B00009,033-734-0767,0500,영동선,000200,문막(인천)주유소,강원 원주시 문막읍포진리 938-7
인천,"1,503원","1,668원","1,016원",Y,AD,B00013,031-881-3665,0500,영동선,000205,여주(인천)주유소,경기 여주군 가남면본두리 677-1
인천,"1,502원","1,665원","1,016원",Y,AD,B00015,033-342-5880,0500,영동선,000197,횡성(인천)주유소,강원도 횡성군 안흥면 영동고속도로 153-1 (소사주유소)영동고속도로 153-1
인천,"1,518원","1,688원",988원,Y,AD,B00075,033-332-5107,0500,영동선,000189,평창(인천)주유소,강원도 평창군 용평면이목정리 476-4
인천,"1,499원","1,688원","1,058원",Y,AD,B00087,033-647-7112,0500,영동선,000184,강릉(인천)주유소,강원 강릉시 성산면성연로 519-40
인천,"1,783원","1,892원","1,027원",Y,SK,B00170,031-635-8858,0500,영동선,000354,덕평(인천)주유소,경기 이천시 마장면각평리 산 23
인천,"1,515원","1,682원","1,057원",Y,SK,B00235,031-402-5157,0500,영동선,000590,안산(인천)주유소,경기 안산시 단원구 영동고속도로15(선부동)
부산,"1,510원","1,697원",977원,Y,AD,B00054,054-853-9758,0550,중앙선,000227,안동(부산)주유소,경북 안동시 풍산읍계평리 137
부산,"1,506원","1,668원",977원,Y,AD,B00056,054-383-6116,0550,중앙선,000231,군위(부산)주유소,대구광역시 군위군 군위읍오곡리 산67-5
부산,"1,535원","1,695원","1,032원",Y,AD,B00089,033-763-8603,0550,중앙선,000219,치악(부산)주유소,강원도 원주시 신림면금창리 550
부산,"1,497원","1,657원","1,016원",Y,AD,B00091,043-423-5406,0550,중앙선,000224,단양팔경(부산)주유소,충청북도 단양군 적성면기동리 산74-1
부산,"1,502원","1,657원","1,068원",Y,AD,B00112,033-731-0736,0550,중앙선,000216,원주(부산)주유소,강원도 원주시 호저면마근거리길 120
부산,"1,627원","1,799원","1,039원",Y,AD,B00115,033-264-0391,0550,중앙선,000212,춘천(부산)주유소,강원 춘천시 동내면 사암리산123-2
부산,"1,508원","1,657원",977원,Y,AD,B00124,054-977-6934,0550,중앙선,000252,동명(춘천)주유소,경북 칠곡군 동명면가천리 85-2
춘천,"1,510원","1,697원",977원,Y,AD,B00055,054-854-3324,0550,중앙선,000228,안동(춘천)주유소,경북 안동시 풍산읍계평리 산133-4
춘천,"1,506원","1,668원",977원,Y,AD,B00057,054-383-6117,0550,중앙선,000232,군위(춘천)주유소,대구광역시 군위군 군위읍오곡리 산68-8
춘천,"1,535원","1,695원","1,032원",Y,AD,B00090,033-762-0349,0550,중앙선,000220,치악(춘천)주유소,강원도 원주시 신림면금창리 500
춘천,"1,506원","1,697원",977원,Y,AD,B00092,043-421-1676,0550,중앙선,000222,단양팔경(춘천)주유소,충청북도 단양군 단성면하방리 56
춘천,"1,515원","1,690원","1,050원",Y,AD,B00109,033-435-6751,0550,중앙선,000214,홍천강(춘천)주유소,강원 홍천군 북방면소매곡리(도사곡길) 223
춘천,"1,517원","1,679원",X,N,AD,B00111,033-731-6425,0550,중앙선,000215,원주(춘천)주유소,강원도 원주시 호저면 마근거리길 110 (원주(춘천방향)휴게소)옥산리 219-1
춘천,"1,508원","1,657원",977원,Y,AD,B00123,054-977-6941,0550,중앙선,000251,동명(부산)주유소,경북 칠곡군 동명면가천리 60
서울,"1,509원","1,669원","1,047원",Y,AD,B00207,033-436-7887,0600,서울양양선,000511,홍천(서울)주유소,대전광역시 서구 대덕대로220번길 46(둔산동)
서울,"1,509원","1,669원","1,047원",Y,AD,B00209,033-852-7110,0600,서울양양선,000514,내린천(서울)주유소,강원도 인제군 상남면 서울양양고속도로 117내린천서울주유소
양양,"1,509원","1,669원","1,047원",Y,AD,B00208,033-436-7997,0600,서울양양선,000512,홍천(양양)주유소,대전광역시 서구 대덕대로220번길 46(둔산동)
양양,"1,509원","1,669원","1,047원",Y,AD,B00210,033-852-7220,0600,서울양양선,000515,내린천(양양)주유소,강원 인제군 상남면 서울양양고속도로 117-2상남리(상남로)
동해,"1,517원","1,679원","1,074원",Y,AD,B00018,033-534-6648,0650,동해선,000235,동해(삼척)주유소,강원도 동해시 망상동산5-4
동해,"1,509원","1,699원",X,N,AD,B00127,033-644-8456,0650,동해선,000281,구정(삼척)주유소,강원 강릉시 구정면제비리 888
속초,"1,506원","1,678원","1,025원",Y,AD,B00125,033-534-2100,0650,동해선,000302,옥계(속초)주유소,강원 강릉시 옥계면도직리 산2-2
속초,"1,503원","1,673원",X,N,AD,B00126,033-644-4929,0650,동해선,000310,구정(속초)주유소,강원 강릉시 구정면제비리 608
동해,"1,508원","1,657원",X,N,AD,B00197,,0652,울산포항선,000443,외동(부산)주유소,경북 경주시 외동읍상석길 58-74
속초,"1,508원","1,657원",X,N,AD,B00196,,0652,울산포항선,000442,외동(포항)주유소,경북 경주시 외동읍상석길 58-70
기장,"1,517원","1,675원",X,N,AD,B00216,055-312-2862,1000,수도권제1순환선,000532,시흥하늘(판교)주유소,경기도 시흥시 서울외곽순환고속도로106
진영,"1,517원","1,675원",X,N,AD,B00215,055-312-2864,1000,수도권제1순환선,000531,시흥하늘(일산)주유소,경기도 시흥시 서울외곽순환고속도로105-1
퇴계원,"1,505원","1,648원",X,N,AD,B00205,031-759-0178,1000,수도권제1순환선,000507,성남(구리)주유소,경기도 성남시 수정구 산성대로 41
판교,"1,539원","1,689원",X,N,HD,B00158,031-421-7344,1000,수도권제1순환선,000330,의왕청계(일산)주유소,경기 의왕시 청계동산 8-18
판교,"1,524원","1,694원",X,N,S,B00161,031-795-5870,1000,수도권제1순환선,000337,서하남(판교)주유소,경기 하남시 춘궁동212
판교,"1,505원","1,648원",X,N,AD,B00206,031-555-0740,1000,수도권제1순환선,000508,구리남양주(판교)주유소,경기도 구리시 서울외곽순환고속도로 27 (한국도로공사구리영업소)
냉정,"1,494원","1,668원","1,068원",Y,AD,B00058,055-314-2447,1040,남해제2지선,000237,장유(서부산)주유소,경남 김해시 장유면부곡리 419-2
부산,"1,597원","1,727원",X,N,SK,B00237,051-941-5155,1040,남해제2지선,000593,서부산(순천)주유소,부산 강서구 남해2지선고속도로19(대저2동)
공주,"1,519원","1,699원","1,059원",Y,AD,B00155,041-833-8300,1510,서천공주선,000323,부여백제(서천)주유소,충남 부여군 내산면율암리 134
서천,"1,519원","1,699원","1,059원",Y,AD,B00156,041-834-4600,1510,서천공주선,000322,부여백제(공주)주유소,충남 부여군 내산면서천공주간고속도로 26
논산,"1,504원","1,669원","1,009원",Y,AD,B00032,041-733-7487,2510,호남선의 지선,000241,벌곡(논산)주유소,충남 논산시 벌곡면호남지선 고속도로25
대전,"1,504원","1,669원","1,009원",Y,AD,B00105,041-732-3991,2510,호남선의 지선,000239,벌곡(대전)주유소,충남 논산시 벌곡면양산리 209
마산,"1,498원","1,668원",X,N,AD,B00214,054-932-1200,3010,상주영천선,000523,삼국유사군위(상주)주유소,경상북도 영천시 신녕면 치산효령로 989-23
양평,"1,498원","1,668원",X,N,AD,B00213,054-933-0820,3010,상주영천선,000522,군위영천(영천)주유소,경상북도 영천시 신녕면 치산효령로 865-43
퇴계원,"1,597원","1,747원","1,022원",Y,SK,B00211,031-481-8147,3010,상주영천선,000518,낙동강의성(영천)주유소,경상북도 의성군 단밀면 도안로 757-68
판교,"1,597원","1,747원","1,022원",Y,SK,B00212,031-481-8149,3010,상주영천선,000519,낙동강구미(상주)주유소,경상북도 구미시 도개면 용산3길 132122-65
대구,"1,517원","1,679원","1,038원",Y,AD,B00064,053-614-2508,4510,중부내륙선의 지선,000245,현풍(대구)주유소,대구광역시 달성군 현풍면성하리 716
현풍,"1,514원","1,674원","1,038원",Y,AD,B00065,053-614-2437,4510,중부내륙선의 지선,000246,현풍(창원)주유소,대구광역시 달성군 현풍면 중부내륙지선고속도로 3현풍(현풍)주유소
퇴계원,"1,505원","1,648원",X,N,AD,B00219,031-528-3002,6000,부산외곽순환선,000549,김해금관가야(창원)주유소,경상남도 김해시 대동면 월촌리770
