direction,diselPrice,gasolinePrice,lpgPrice,lpgYn,oilCompany,serviceAreaCode,telNo,routeCode,routeName,serviceAreaCode2,serviceAreaName,svarAddr,restNm,svarCd,electric,hydrogen
밀양,1499,1688,X,N,AD,B00271,052-977-2243,,,,,,,,,
순천,1505,1670,X,N,AD,B00269,061-864-5008,,,,,,,,,
울산,1499,1688,X,N,AD,B00270,052-977-3243,,,,,,,,,
제천,1535,1689,1090,Y,SK,B00268,070-4172-8087,,,,,,,,,
평택,1535,1689,1090,Y,SK,B00272,070-4172-8085,,,,,,,,,
부산,1510,1630,998,Y,AD,B00001,02-573-7430,10.0,경부선,2.0,서울만남(부산)주유소,서울시 서초구 원지동10-16,서울만남(부산),1.0,1.0,0.0
부산,1505,1657,980,Y,AD,B00002,031-286-5185,10.0,경부선,6.0,기흥(부산)주유소,경기도 용인시 기흥읍공세리 277-7,기흥(부산),5.0,1.0,1.0
부산,1504,1665,1004,Y,AD,B00014,031-651-5385,10.0,경부선,10.0,안성(부산)주유소,경기 안성시 원곡면반제리 137-3,안성(부산),9.0,1.0,1.0
부산,1509,1665,946,Y,AD,B00021,041-557-6161,10.0,경부선,14.0,망향(부산)주유소,충남 천안시 서북구 성거읍석문길98,망향(부산),13.0,1.0,1.0
부산,1508,1665,1085,Y,AD,B00022,043-269-0843,10.0,경부선,22.0,옥산(부산)주유소,청주시 흥덕구 옥산면 경부고속도로 309-1,옥산(부산),21.0,1.0,0.0
부산,1519,1679,1090,Y,AD,B00024,041-552-6367,10.0,경부선,18.0,천안호두(부산)주유소,충남 천안시 수신면신풍리 348,천안호두(부산),17.0,,
부산,1502,1665,946,Y,AD,B00026,043-269-4434,10.0,경부선,27.0,죽암(부산)주유소,충북 청주시 서원구 현도면 경부고속도로287 죽암(부산)주유소,죽암(부산),26.0,1.0,0.0
부산,1499,1688,X,N,AD,B00027,043-733-0439,10.0,경부선,35.0,금강(부산)주유소,충북 옥천군 동이면조령리 568,금강(부산),34.0,1.0,0.0
부산,1501,1647,1068,Y,AD,B00035,043-742-5853,10.0,경부선,37.0,황간(부산)주유소,충북 영동군 황간면회포리 산1-9,황간(부산),36.0,1.0,0.0
부산,1498,1673,X,N,AD,B00048,054-430-0502,10.0,경부선,41.0,추풍령(부산)주유소,경북 김천시 봉산면광천리 699-2,추풍령(부산),40.0,0.0,0.0
부산,1493,1669,1000,Y,AD,B00051,053-851-6110,10.0,경부선,51.0,평사(부산)주유소,경북 경산시 진량읍경부고속도로 105 평사(부산방향)주유소,평사(부산),50.0,1.0,0.0
부산,1478,1669,980,Y,AD,B00052,054-975-1734,10.0,경부선,45.0,칠곡(부산)주유소,경북 칠곡군 왜관읍아곡리 산239-5,칠곡(부산),44.0,1.0,1.0
부산,1499,1688,1078,Y,AD,B00081,043-731-8524,10.0,경부선,31.0,옥천(부산)주유소,충북 옥천군 옥천읍매화리 28-1,옥천(부산),30.0,1.0,0.0
부산,1508,1667,1025,Y,AD,B00121,054-748-3427,10.0,경부선,56.0,경주(부산)주유소,경북 경주시 내남면월산리 산43-1,경주(부산),55.0,1.0,0.0
부산,1494,1667,1099,Y,AD,B00162,054-435-0266,10.0,경부선,343.0,김천(부산)주유소,경북 김천시 농소면신촌리 730-2,김천(부산),342.0,1.0,0.0
부산,1498,1647,1098,Y,AD,B00179,055-372-6163,10.0,경부선,373.0,통도사(부산)주유소,경남 양산시 하북면순지리 89-5,통도사(부산),372.0,1.0,0.0
부산,1599,1749,X,N,SK,B00183,043-732-0081,10.0,경부선,405.0,옥천만남의광장주유소,충북 옥천군 옥천읍중앙로 135,옥천만남,404.0,1.0,0.0
부산,1478,1669,X,N,AD,B00200,054-751-4600,10.0,경부선,485.0,건천(부산)주유소,경북 경주시 건천읍경부고속도로 77,건천(부산),54.0,1.0,0.0
서울,1501,1637,1016,Y,AD,B00003,031-664-4096,10.0,경부선,8.0,안성(서울)주유소,경기도 안성군 원곡면산하리 산68-6,안성(서울),7.0,1.0,1.0
서울,1506,1678,X,N,AD,B00012,031-262-4602,10.0,경부선,4.0,죽전(서울)주유소,경기 용인시 죽전동866-2,죽전(서울),3.0,1.0,0.0
서울,1544,1699,1040,Y,SK,B00023,041-555-3001,10.0,경부선,16.0,천안삼거리(서울)주유소,충남 천안시 구성동155-5,천안삼거리(서울),15.0,,
서울,1499,1665,1078,Y,AD,B00025,043-260-5341,10.0,경부선,25.0,죽암(서울)주유소,충북 청원군 현도면죽전리 40,죽암(서울),24.0,1.0,0.0
서울,1500,1647,1006,Y,AD,B00033,043-733-9924,10.0,경부선,33.0,옥천(서울)주유소,충북 옥천군 옥천읍매화리 43-7,옥천(서울),32.0,1.0,0.0
서울,1501,1647,X,N,AD,B00034,043-742-1266,10.0,경부선,39.0,황간(서울)주유소,충북 영동군 황간면회포리 1-8,황간(서울),38.0,1.0,0.0
서울,1494,1549,1149,Y,AD,B00036,041-588-2184,10.0,경부선,12.0,입장거봉포도(서울)주유소,충남 천안시 입장면가산리 362-6,입장거봉포도(서울),11.0,,
서울,1501,1647,1006,Y,AD,B00047,054-439-3187,10.0,경부선,43.0,추풍령(서울)주유소,경북 김천시 봉산면광천리 180-2,추풍령(서울),42.0,0.0,0.0
서울,1493,1669,1000,Y,AD,B00049,054-975-2544,10.0,경부선,47.0,칠곡(서울)주유소,경북 칠곡군 왜관읍아곡리 산149,칠곡(서울),46.0,1.0,0.0
서울,1499,1688,X,N,AD,B00050,053-851-7025,10.0,경부선,49.0,경산(서울)주유소,경북 경산시 진량면신상리 대학로 1089,경산(서울),48.0,1.0,0.0
서울,1508,1657,X,N,AD,B00053,054-751-8256,10.0,경부선,53.0,건천(서울)주유소,경북 경주시 건천읍방내리 28-1,건천(서울),52.0,1.0,0.0
서울,1489,1688,1079,Y,AD,B00059,052-263-6146,10.0,경부선,58.0,언양(서울)주유소,울산광역시 울주군 언양읍반곡리 966-8,언양(서울),57.0,1.0,1.0
서울,1489,1660,1110,Y,AD,B00078,055-389-1750,10.0,경부선,61.0,양산(서울)주유소,경남 양산시 동면내송리 산85-18,양산(서울),62.0,1.0,0.0
서울,1506,1669,1078,Y,AD,B00080,042-934-2445,10.0,경부선,29.0,신탄진(서울)주유소,대전시 대덕구 상서동236-1,신탄진(서울),28.0,1.0,1.0
서울,1499,1665,1048,Y,AD,B00118,043-231-8833,10.0,경부선,20.0,청주(서울)주유소,충북 청원군 옥산면 장남리284-16,청주(서울),19.0,1.0,1.0
서울,1492,1665,1099,Y,AD,B00150,054-431-4477,10.0,경부선,307.0,김천(서울)주유소,경북 김천시 농소면신촌리 728-1,김천(서울),306.0,1.0,1.0
부산,1509,1663,X,N,AD,B00042,061-772-2106,100.0,남해선,79.0,섬진강(부산)주유소,전남 광양시 진월면신아리 1192-3,섬진강(부산),77.0,1.0,0.0
부산,1509,1663,989,Y,AD,B00067,055-854-8622,100.0,남해선,75.0,사천(부산)주유소,경남 사천시 곤양면묵곡리 산53-1,사천(부산),73.0,1.0,0.0
부산,1503,1658,888,Y,S,B00069,055-342-8770,100.0,남해선,65.0,진영(부산)주유소,경남 김해시 진영읍우동리 377-2,진영(부산),63.0,1.0,0.0
부산,1505,1665,1069,Y,AD,B00163,055-759-1028,100.0,남해선,346.0,진주(부산)주유소,경남 진주시 호탄동382 외 62필지,진주(부산),347.0,1.0,0.0
부산,1504,1663,1049,Y,AD,B00164,055-583-9341,100.0,남해선,345.0,함안(부산)주유소,경남 함안군 군북면현포로 205,함안(부산),344.0,1.0,1.0
부산,1501,1647,1058,Y,AD,B00181,070-4325-8800,100.0,남해선,403.0,보성녹차(영암)주유소,전남 보성군 미력면화방리 산196-7,보성녹차(영암),401.0,,
순천,1509,1663,X,N,AD,B00041,061-772-4163,100.0,남해선,80.0,섬진강(순천)주유소,전남 광양시 진월면신아리 220-1,섬진강(순천),78.0,1.0,0.0
순천,1509,1663,989,Y,AD,B00066,055-854-6732,100.0,남해선,76.0,사천(순천)주유소,경남 사천시 곤양면묵곡리 산171-31,사천(순천),74.0,1.0,0.0
순천,1508,1657,1068,Y,AD,B00068,055-342-0878,100.0,남해선,66.0,진영(순천)주유소,경남 김해시 진영읍우동리 300-3,진영(순천),64.0,1.0,0.0
순천,1504,1663,1036,Y,AD,B00106,055-762-2048,100.0,남해선,72.0,문산(순천)주유소,경상남도 진주시 문산읍소문리 969,문산(순천),71.0,1.0,0.0
순천,1501,1647,1068,Y,AD,B00165,055-582-6321,100.0,남해선,349.0,함안(순천)주유소,경남 함안군 군북면현포로 205-1,함안(순천),348.0,0.0,0.0
순천,1501,1647,1058,Y,AD,B00182,070-4325-8805,100.0,남해선,402.0,보성녹차(순천)주유소,전남 보성군 겸백면남해고속도로 70번지,보성녹차(순천),400.0,,
대구,1501,1647,1058,Y,AD,B00143,061-324-8864,121.0,무안광주선,271.0,함평나비(광주)주유소,전남 함평군 엄다면무안광주고속도로 12-1,함평나비(광주),269.0,1.0,0.0
무안,1501,1647,1058,Y,AD,B00142,061-323-8867,121.0,무안광주선,272.0,함평나비(무안)주유소,전남 함평군 엄다면성천리(무안광주고속도로),함평나비(무안),270.0,1.0,0.0
대구,1501,1647,1068,Y,AD,B00044,063-636-2721,122.0,광주대구선,89.0,지리산(대구)주유소,전북 남원시 아영면아곡리 798,지리산(대구),87.0,1.0,0.0
대구,1502,1672,X,N,AD,B00116,055-941-0863,122.0,광주대구선,82.0,거창(대구)주유소,경남 거창군 가조면 도리181,거창(대구),83.0,1.0,0.0
대구,1627,1799,X,N,AD,B00191,063-653-3068,122.0,광주대구선,417.0,강천산(대구)주유소,전북 순창군 순창읍88올림픽고속도로 22,강천산(대구),418.0,1.0,0.0
대구,1493,1669,1000,Y,AD,B00198,070-4304-0630,122.0,광주대구선,448.0,논공(대구)주유소,대구 달성군 논공읍88올림픽고속도로 176,논공(대구),399.0,1.0,0.0
무안,1501,1647,1068,Y,AD,B00045,063-636-2722,122.0,광주대구선,340.0,지리산(광주)주유소,전북 남원시 아영면아곡리 산 83,지리산(광주),88.0,,
무안,1502,1672,1027,Y,AD,B00117,055-941-0861,122.0,광주대구선,85.0,거창(광주)주유소,경남 거창군 가조면 도리181,거창(광주),84.0,,
무안,1627,1799,X,N,AD,B00195,063-653-4171,122.0,광주대구선,437.0,강천산(광주)주유소,전북 순창군 순창읍88올림픽고속도록 23,강천산(광주),436.0,1.0,0.0
무안,1493,1669,1000,Y,AD,B00199,070-4304-0610,122.0,광주대구선,449.0,논공(광주)주유소,대구 달성군 논공읍88올림픽고속도로 175,논공(광주),81.0,1.0,0.0
목포,1501,1647,1016,Y,AD,B00011,031-353-8015,150.0,서해안선,95.0,화성(목포)주유소,경기도 화성군 팔탄면덕촌리 102-6,화성(목포),93.0,1.0,1.0
목포,1796,1896,1129,Y,HD,B00084,041-357-8141,150.0,서해안선,369.0,행담도(목포)주유소,충남 당진군 신평면매산리(서해안고속도로) 275,행담도,341.0,1.0,0.0
목포,1589,1724,998,Y,SK,B00086,041-931-5871,150.0,서해안선,105.0,대천(목포)주유소,충남 보령시 주교면주교리 933-5,대천(목포),103.0,1.0,0.0
목포,1519,1699,1059,Y,AD,B00096,041-688-8817,150.0,서해안선,335.0,서산(목포)주유소,충남 서산시 해미면삼송리 119,서산(목포),98.0,1.0,0.0
목포,1505,1669,1090,Y,AD,B00098,063-453-5763,150.0,서해안선,109.0,군산(목포)주유소,전라북도 군산시 성산면신곡리,군산(목포),108.0,1.0,0.0
목포,1505,1669,X,N,AD,B00100,061-324-4136,150.0,서해안선,116.0,함평천지(목포)주유소,전라남도 함평군 함평읍장교리 산112-12,함평천지(목포),117.0,1.0,1.0
목포,1498,1637,1016,Y,AD,B00104,063-561-6318,150.0,서해안선,111.0,고창고인돌(목포)주유소,전북 고창군 신림면벽송리 산103-1,고창고인돌(목포),110.0,,
목포,1499,1669,990,Y,AD,B00129,041-642-1145,150.0,서해안선,256.0,홍성(목포)주유소,충남 홍성군 은하면금국리(서해안고속도로),홍성(목포),254.0,1.0,0.0
목포,1501,1647,1016,Y,AD,B00139,041-952-9738,150.0,서해안선,264.0,서천(목포)주유소,충남 서천군 비인면성산리 387-10,서천(목포),262.0,1.0,0.0
목포,1498,1647,X,N,AD,B00234,063-776-8088,150.0,서해안선,588.0,부안고려청자(목포)주유소,전북 부안군 주산면 서해안고속도로103,부안고려청자(목포),586.0,,
시흥,1501,1647,1016,Y,AD,B00010,031-353-8148,150.0,서해안선,94.0,화성(서울)주유소,경기도 화성군 팔탄면덕천리 253,화성(서울),92.0,1.0,0.0
시흥,1589,1724,998,Y,SK,B00085,041-931-5371,150.0,서해안선,104.0,대천(서울)주유소,충남 보령시 주교면주교리 904-34,대천(서울),102.0,1.0,0.0
시흥,1519,1699,1059,Y,AD,B00095,041-688-7717,150.0,서해안선,101.0,서산(서울)주유소,충청남도 서산시 해미면삼송리 236-11,서산(서울),100.0,1.0,0.0
시흥,1505,1674,1090,Y,AD,B00097,063-453-5163,150.0,서해안선,107.0,군산(서울)주유소,전라북도 군산시 나포면서포리,군산(서울),106.0,1.0,0.0
시흥,1505,1669,1029,Y,AD,B00099,061-322-4409,150.0,서해안선,114.0,함평천지(서울)주유소,전라남도 함평군 손불면죽암리 29-1,함평천지(서울),115.0,1.0,0.0
시흥,1498,1637,1016,Y,AD,B00103,063-561-0962,150.0,서해안선,113.0,고창고인돌(서울)주유소,전북 고창군 고창읍신월리 66-1,고창고인돌(서울),112.0,,
시흥,1507,1675,990,Y,AD,B00128,041-642-1178,150.0,서해안선,255.0,홍성(서울)주유소,충남 홍성군 은하면금국리(서해안고속도로),홍성(서울),253.0,1.0,0.0
시흥,1506,1678,1025,Y,AD,B00138,041-952-9735,150.0,서해안선,263.0,서천(서울)주유소,충남 서천군 비인면성산리 22-4,서천(서울),261.0,1.0,0.0
시흥,X,X,X,N,SK,B00157,031-411-0592,150.0,서해안선,327.0,목감(서울)주유소,경기 시흥시 목감동112-5 외9필지,목감(서울),326.0,0.0,0.0
시흥,1796,1896,1129,Y,HD,B00176,041-357-8141,150.0,서해안선,368.0,행담도(서울)주유소,충남 당진군 신평면매산리 503-2,행담도,341.0,,
시흥,1508,1672,X,N,AD,B00233,063-776-7088,150.0,서해안선,587.0,부안고려청자(서울)주유소,전북 부안군 주산면 서해안고속도로106,부안고려청자(서울),585.0,,
익산,1509,1669,X,N,AD,B00148,063-432-1383,205.0,완주장수선,287.0,진안마이산(익산)주유소,전북 진안군 진안읍단양리 171-110,진안마이산(익산),285.0,,
포항,1509,1669,1078,Y,AD,B00149,063-432-6353,205.0,완주장수선,308.0,진안마이산(장수)주유소,전북 진안군 진안읍단양리 333-75,진안마이산(장수),286.0,,
익산,X,X,X,N,AD,B00132,054-338-9301,207.0,대구포항선,260.0,영천(대구)주유소,경북 영천시 임고면금대리 99,영천(대구),257.0,1.0,0.0
익산,1504,1672,1029,Y,AD,B00133,054-337-5074,207.0,대구포항선,297.0,청통(대구)주유소,경북 영천시 청통면우천리 산 160-4,청통(대구),293.0,1.0,0.0
포항,1504,1672,1029,Y,AD,B00130,053-853-1082,207.0,대구포항선,298.0,와촌(포항)주유소,경북 경산시 와촌면강학리 산 71-1,와촌(포항),294.0,1.0,0.0
포항,1508,1667,X,N,AD,B00131,054-338-9135,207.0,대구포항선,259.0,영천(포항)주유소,경상북도 영천시 임고면 운주로 777 (영천(포항방향)주유소)금대리 103,영천(포항),258.0,1.0,0.0
논산,1504,1669,X,N,AD,B00037,063-836-5272,251.0,호남선,120.0,여산(천안)주유소,전북 익산시 여산면호산리 210-8,여산(천안),118.0,0.0,0.0
논산,1499,1665,1039,Y,AD,B00039,063-532-2373,251.0,호남선,124.0,정읍녹두장군(천안)주유소,전북 정읍시 북면하북1길 227-23,정읍녹두장군(천안),122.0,,
논산,1509,1669,1045,Y,AD,B00043,061-362-7188,251.0,호남선,132.0,곡성(천안)주유소,전남 곡성군 겸면가정리 358-7,곡성(천안),130.0,1.0,0.0
논산,1505,1665,1010,Y,AD,B00076,061-393-0267,251.0,호남선,128.0,백양사(천안)주유소,전라남도 장성군 북일면 호남고속도로 108-1 (백양사(논산)주유소)박산리 156-4,백양사(천안),126.0,1.0,1.0
논산,1509,1663,1055,Y,AD,B00114,061-754-4454,251.0,호남선,137.0,주암(천안)주유소,전남 순천시 주암면고산리246-4,주암(천안),135.0,1.0,0.0
논산,1509,1669,X,N,AD,B00168,063-236-2592,251.0,호남선,356.0,이서(천안)주유소,서울 송파구 송파동185-5,이서(천안),358.0,1.0,0.0
순천,1504,1669,980,Y,AD,B00038,063-836-5246,251.0,호남선,121.0,여산(순천)주유소,전북 익산시 여산면호산리(호남고속도로 191),여산(순천),119.0,1.0,0.0
순천,1505,1665,1024,Y,AD,B00040,063-532-0510,251.0,호남선,125.0,정읍녹두장군(순천)주유소,전북 정읍시 북면남산리 산20-9,정읍녹두장군(순천),123.0,,
순천,1489,1635,1069,Y,AD,B00046,061-362-5955,251.0,호남선,133.0,곡성(순천)주유소,전남 곡성군 겸면가정리(호남고속도로)49-1,곡성(순천),131.0,1.0,0.0
순천,1489,1635,1055,Y,AD,B00073,061-754-4985,251.0,호남선,136.0,주암(순천)주유소,전남 순천시 주암면고산리 155-1,주암(순천),134.0,1.0,0.0
순천,1505,1665,965,Y,AD,B00077,061-394-5178,251.0,호남선,129.0,백양사(순천)주유소,전라남도 장성군 북일면박산리 68-3,백양사(순천),127.0,1.0,0.0
순천,1509,1669,1024,Y,AD,B00169,063-227-4334,251.0,호남선,357.0,이서(순천)주유소,서울 송파구 송파동185-5,이서(순천),355.0,1.0,0.0
광양,1505,1669,X,N,AD,B00172,063-644-7300,270.0,순천완주선,363.0,오수(순천)주유소,전북 임실군 오수면대명리 783-16,오수(순천),361.0,,
광양,1504,1672,1071,Y,AD,B00175,061-782-1737,270.0,순천완주선,366.0,황전(순천)주유소,전남 순천시 황전면선변리 595-7,황전(순천),364.0,,
광양,1509,1669,X,N,AD,B00238,063-633-0377,270.0,순천완주선,596.0,춘향(순천)주유소,전북 남원시 수지면순천완주고속도로 49,춘향(순천),391.0,,
전주,1505,1669,1059,Y,AD,B00173,063-644-4800,270.0,순천완주선,362.0,오수(완주)주유소,전북 임실군 오수면대명리 783-16,오수(완주),360.0,,
전주,1499,1667,1125,Y,AD,B00174,061-782-1701,270.0,순천완주선,367.0,황전(완주)주유소,전남 순천시 황전면선변리595-6번지,황전(완주),365.0,,
전주,1509,1669,X,N,AD,B00239,063-636-2207,270.0,순천완주선,597.0,춘향(완주)주유소,전북 남원시 수지면순천완주고속도로 50,춘향(완주),595.0,,
상주,1514,1699,1130,Y,AD,B00146,054-531-1984,300.0,서산영덕선,309.0,화서(영덕)주유소,경북 상주시 화서면상용리 408,화서(영덕),280.0,,
상주,1504,1669,1050,Y,AD,B00151,041-335-0052,300.0,서산영덕선,315.0,예산(당진)주유소,충남 예산군 신양면서계양리 662-28,예산(당진),316.0,1.0,0.0
상주,1502,1668,1050,Y,AD,B00153,041-854-9504,300.0,서산영덕선,325.0,공주(당진)주유소,충남 공주시 의당면청룡리 71-1,공주(당진),324.0,1.0,0.0
상주,1559,1709,999,Y,AD,B00201,054-862-9036,300.0,서산영덕선,497.0,의성(청주)주유소,경북 의성군 안계면새못안길 45-49,의성(청주),495.0,1.0,0.0
상주,1505,1669,X,N,AD,B00203,054-872-5911,300.0,서산영덕선,505.0,청송(청주)주유소,경북 청송군 파천면중평병부길 203-92,청송(청주),503.0,0.0,0.0
상주,1523,1658,X,N,AD,B00232,043-715-2823,300.0,서산영덕선,584.0,문의청남대(영덕)주유소,충북 청주시 상당구 문의면남계리 654번지,문의청남대(영덕),582.0,,
청원,1509,1665,1095,Y,AD,B00144,043-544-6311,300.0,서산영덕선,282.0,속리산(청주)주유소,충북 보은군 마로면적암리(적암길) 56-18,속리산(청주),279.0,,
청원,1504,1669,1050,Y,AD,B00152,041-334-0081,300.0,서산영덕선,317.0,예산(대전)주유소,충남 예산군 신양면서계양리 672-3,예산(대전),314.0,1.0,0.0
청원,1502,1668,X,N,AD,B00154,041-854-9728,300.0,서산영덕선,319.0,공주(대전)주유소,충남 공주시 장기면송선리 315-5,공주(대전),318.0,1.0,0.0
청원,1559,1709,999,Y,AD,B00202,054-862-9254,300.0,서산영덕선,498.0,의성(영덕)주유소,경북 의성군 안계면새못안길 45-47,의성(영덕),496.0,1.0,0.0
청원,X,X,X,N,AD,B00204,054-872-9102,300.0,서산영덕선,506.0,청송(영덕)주유소,경북 청송군 파천면중평병부길 203-115,청송(영덕),504.0,0.0,0.0
청원,1514,1679,X,N,AD,B00231,043-223-2822,300.0,서산영덕선,583.0,문의청남대(청주)주유소,충북 청주시 상당구 문의면남계리 산59-4번지,문의청남대(청주),581.0,,
통영,1509,1659,999,Y,AD,B00072,055-973-8902,351.0,통영대전선,168.0,산청(통영)주유소,경남 산청군 단성면방목리 산68-7,산청(통영),166.0,1.0,0.0
통영,1499,1659,1107,Y,AD,B00083,041-751-2895,351.0,통영대전선,156.0,금산인삼랜드(통영)주유소,충남 금산군 군북면외부리 718,금산인삼랜드(통영),154.0,,
통영,1514,1674,1069,Y,AD,B00094,063-353-5100,351.0,통영대전선,160.0,덕유산(통영)주유소,전라북도 장수군 계북면양악리 394-2,덕유산(통영),158.0,1.0,0.0
통영,1497,1667,959,Y,AD,B00113,055-963-8762,351.0,통영대전선,164.0,함양(통영)주유소,경남 함양군 지곡면효산길23-31,함양(통영),162.0,1.0,0.0
통영,1494,1654,978,Y,AD,B00141,055-674-2062,351.0,통영대전선,290.0,고성공룡나라(통영)주유소,경남 고성군 대가면송계리 477-7번지,고성공룡나라(통영),288.0,,
하남,1509,1659,999,Y,AD,B00071,055-973-6138,351.0,통영대전선,167.0,산청(대전)주유소,경남 산청군 단성면방목리 344-21,산청(대전),165.0,,
하남,1494,1549,X,N,AD,B00082,041-754-9200,351.0,통영대전선,155.0,금산인삼랜드(대전)주유소,충남 금산군 군북면외부리 721-3,금산인삼랜드(대전),153.0,,
하남,1514,1674,1069,Y,AD,B00093,063-353-4200,351.0,통영대전선,159.0,덕유산(대전)주유소,전라북도 무주군 안성면통영대전고속도로 148,덕유산(대전),157.0,,
하남,1497,1667,959,Y,AD,B00110,055-964-1041,351.0,통영대전선,163.0,함양(대전)주유소,경남 함양군 지곡면보산리 278-6,함양(대전),161.0,,
하남,1494,1654,998,Y,AD,B00140,055-674-8062,351.0,통영대전선,291.0,고성공룡나라(대전)주유소,경남 고성군 대가면신전리 85번지,고성공룡나라(대전),289.0,,
통영,1540,1698,1021,Y,AD,B00004,031-793-5800,352.0,중부선,140.0,하남드림주유소,경기 하남시 천현동181-20,하남드림,139.0,,
통영,1500,1668,X,N,AD,B00029,043-217-1443,352.0,중부선,152.0,오창(남이)주유소,충청북도 청주시 청원구 오창읍 중부고속도로 19 (오창휴게소 주유소 통영기점)화산리 395-2,오창(남이),150.0,,
통영,1505,1669,1014,Y,AD,B00031,043-878-5039,352.0,중부선,148.0,음성(남이)주유소,충청북도 음성군 삼성면 중부고속도로 51 (음성휴게소 하)용성리 산39-3,음성(남이),146.0,,
통영,1506,1678,1025,Y,AD,B00120,031-637-0401,352.0,중부선,143.0,이천(남이)주유소,경기 이천시 마장면 목리142,이천(남이),144.0,,
통영,1797,1897,1022,Y,SK,B00188,031-638-7869,352.0,중부선,412.0,마장복합(하)주유소,경기 이천시 마장면목리 산 13-32,마장,409.0,,
하남,1498,1657,1016,Y,AD,B00005,031-637-0953,352.0,중부선,142.0,이천쌀(하남)주유소,경기 이천시 신둔면용면리(서이천로853번길) 346-149,이천쌀(하남),141.0,,
하남,1504,1674,X,N,AD,B00028,043-217-6385,352.0,중부선,151.0,오창(하남)주유소,충북 청주시 청원구 오창읍중부고속도로 22,오창(하남),149.0,1.0,0.0
하남,1501,1647,1016,Y,AD,B00030,043-877-1086,352.0,중부선,147.0,음성(하남)주유소,충북 음성군 삼성면양덕리 467,음성(하남),145.0,1.0,1.0
하남,1797,1897,X,N,SK,B00187,031-638-7869,352.0,중부선,411.0,마장복합(상)주유소,경기 이천시 마장면목리 산 13-32,마장,409.0,,
제천,1514,1674,1060,Y,AD,B00159,031-674-8644,400.0,평택제천선,334.0,안성맞춤(제천)주유소,경기 안성시 서운면신능리 51-11,안성맞춤(제천),333.0,,
제천,1500,1668,999,Y,AD,B00185,043-881-8122,400.0,평택제천선,416.0,금왕(제천)주유소,충북 음성군 금왕읍용계리,금왕(제천),414.0,1.0,0.0
제천,1513,1668,1039,Y,AD,B00194,043-844-2988,400.0,평택제천선,421.0,천등산(제천)주유소,충북 충주시 산척면평택제천고속도로 106,천등산(제천),419.0,1.0,0.0
평택,1505,1671,1069,Y,AD,B00160,031-672-9622,400.0,평택제천선,332.0,안성맞춤(평택)주유소,경기 안성시 서운면신능리 51-16 외 23필지,안성맞춤(평택),331.0,1.0,1.0
평택,1500,1668,999,Y,AD,B00184,043-882-8030,400.0,평택제천선,415.0,금왕(평택)주유소,충북 음성군 금왕읍용계리 193-3,금왕(평택),413.0,1.0,0.0
평택,1513,1668,X,N,AD,B00193,043-844-2915,400.0,평택제천선,422.0,천등산(평택)주유소,충북 충주시 산척면평택제천고속도로 109,천등산(평택),420.0,1.0,0.0
마산,1509,1659,1069,Y,AD,B00070,055-521-3284,450.0,중부내륙선,178.0,영산(창원)주유소,경남 창녕군 영산면신제리 장척호수길 56-110,영산(창원),177.0,,
마산,1519,1681,1079,Y,AD,B00101,054-482-6014,450.0,중부내륙선,175.0,선산(양평)주유소,경북 구미시 옥성면중부내륙고속도로 128-1,선산(양평),173.0,1.0,0.0
마산,1503,1674,1068,Y,AD,B00108,043-857-7371,450.0,중부내륙선,172.0,충주(창원)주유소,충북 충주시 중앙탑면 중부내륙고속도로231-1,충주(창원),170.0,,
마산,1501,1647,1068,Y,AD,B00135,043-832-7970,450.0,중부내륙선,304.0,괴산(창원)주유소,충북 괴산군 장연면오가리 104번지,괴산(창원),303.0,,
마산,1499,1659,1065,Y,AD,B00136,054-554-1659,450.0,중부내륙선,276.0,문경(양평)주유소,경북 문경시 유곡동458,문경(양평),268.0,1.0,0.0
마산,1497,1668,1068,Y,AD,B00145,054-932-0031,450.0,중부내륙선,284.0,남성주참외(창원)주유소,경북 성주군 선남면명포리 880-5번지,남성주참외(창원),277.0,,
마산,1535,1719,1039,Y,AD,B00167,031-885-9764,450.0,중부내륙선,352.0,서여주(양평)주유소,경기 여주시 세종대왕면중부내륙고속도로 272,서여주(양평),350.0,1.0,0.0
목포,1571,1707,X,N,AD,B00218,031-296-1509,450.0,중부내륙선,546.0,성주(창원)주유소,경상북도 성주군 초전면중부내륙고속도로 97,성주(창원),396.0,1.0,0.0
시흥,1571,1707,X,N,AD,B00217,031-295-1509,450.0,중부내륙선,545.0,성주(양평)주유소,경상북도 성주군 초전면중부내륙고속도로 98,성주(양평),397.0,1.0,1.0
양평,1495,1669,1039,Y,AD,B00061,055-587-1420,450.0,중부내륙선,180.0,칠서(양평)주유소,경남 함안군 칠서면계내리 29,칠서(양평),179.0,1.0,0.0
양평,1519,1681,1079,Y,AD,B00102,054-482-6034,450.0,중부내륙선,176.0,선산(창원)주유소,경북 구미시 옥성면대원리 85-1,선산(창원),174.0,,
양평,1500,1668,1060,Y,AD,B00107,043-857-4884,450.0,중부내륙선,171.0,충주(양평)주유소,충북 충주시 가금면 용전리 380-4,충주(양평),169.0,1.0,0.0
양평,1506,1669,1071,Y,AD,B00134,043-832-6598,450.0,중부내륙선,296.0,괴산(양평)주유소,충북 괴산군 장연면오가리 293-2,괴산(양평),295.0,1.0,0.0
양평,1504,1669,1055,Y,AD,B00137,054-554-1614,450.0,중부내륙선,275.0,문경(창원)주유소,경북 문경시 유곡동418-1,문경(창원),273.0,,
양평,1497,1668,1068,Y,AD,B00147,054-931-5149,450.0,중부내륙선,283.0,남성주참외(양평)주유소,경북 성주군 용암면본리 428,남성주참외(양평),278.0,,
양평,1535,1719,1039,Y,AD,B00166,031-884-9718,450.0,중부내륙선,353.0,서여주(창원)주유소,경기 여주시 세종대왕면중부내륙고속도로 271,서여주(창원),351.0,,
강릉,1506,1678,1025,Y,AD,B00007,031-332-3221,500.0,영동선,209.0,용인(강릉)주유소,경기 용인시 양지면주북리 958-3,용인(강릉),207.0,1.0,0.0
강릉,1502,1665,1047,Y,AD,B00008,031-881-6132,500.0,영동선,206.0,여주(강릉)주유소,경기도 여주시 가남읍 여주남로 722 여주(강릉방향)주유소,여주(강릉),203.0,1.0,1.0
강릉,1503,1668,1016,Y,AD,B00016,033-342-7357,500.0,영동선,196.0,횡성(강릉)주유소,강원도 횡성군 안흥면소사리 1512-4,횡성(강릉),194.0,1.0,0.0
강릉,1502,1665,1047,Y,AD,B00017,033-734-0764,500.0,영동선,202.0,문막(강릉)주유소,강원 원주시 문막읍동화리 116번지,문막(강릉),201.0,1.0,1.0
강릉,1507,1667,X,N,AD,B00079,033-334-5108,500.0,영동선,187.0,평창(강릉)주유소,강원 평창군 용평면이목정리 778-2,평창(강릉),188.0,1.0,0.0
강릉,1499,1688,1058,Y,AD,B00088,033-648-9559,500.0,영동선,183.0,강릉(강릉)주유소,강원도 강릉시 성산면보광리 산273,강릉(강릉),181.0,1.0,0.0
강릉,1783,1892,1027,Y,SK,B00171,031-635-8858,500.0,영동선,359.0,덕평(강릉)주유소,경기 이천시 마장면각평리 산23,덕평,292.0,1.0,0.0
강릉,1510,1677,1057,Y,SK,B00236,031-403-5158,500.0,영동선,591.0,안산(강릉)주유소,경기 안산시 단원구 영동고속도로15(선부동),안산,589.0,,
인천,1506,1678,1025,Y,AD,B00006,031-339-2262,500.0,영동선,210.0,용인(인천)주유소,경기 용인시 고림동88-1,용인(인천),208.0,1.0,0.0
인천,1502,1674,X,N,AD,B00009,033-734-0767,500.0,영동선,200.0,문막(인천)주유소,강원 원주시 문막읍포진리 938-7,문막(인천),199.0,1.0,0.0
인천,1503,1668,1016,Y,AD,B00013,031-881-3665,500.0,영동선,205.0,여주(인천)주유소,경기 여주군 가남면본두리 677-1,여주(인천),204.0,1.0,0.0
인천,1502,1665,1016,Y,AD,B00015,033-342-5880,500.0,영동선,197.0,횡성(인천)주유소,강원도 횡성군 안흥면 영동고속도로 153-1 (소사주유소)영동고속도로 153-1,횡성(인천),195.0,1.0,0.0
인천,1518,1688,988,Y,AD,B00075,033-332-5107,500.0,영동선,189.0,평창(인천)주유소,강원도 평창군 용평면이목정리 476-4,평창(인천),186.0,,
인천,1499,1688,1058,Y,AD,B00087,033-647-7112,500.0,영동선,184.0,강릉(인천)주유소,강원 강릉시 성산면성연로 519-40,강릉(인천),182.0,,
인천,1783,1892,1027,Y,SK,B00170,031-635-8858,500.0,영동선,354.0,덕평(인천)주유소,경기 이천시 마장면각평리 산 23,덕평,292.0,1.0,0.0
인천,1515,1682,1057,Y,SK,B00235,031-402-5157,500.0,영동선,590.0,안산(인천)주유소,경기 안산시 단원구 영동고속도로15(선부동),안산,589.0,,
부산,1510,1697,977,Y,AD,B00054,054-853-9758,550.0,중앙선,227.0,안동(부산)주유소,경북 안동시 풍산읍계평리 137,안동(부산),225.0,1.0,0.0
부산,1506,1668,977,Y,AD,B00056,054-383-6116,550.0,중앙선,231.0,군위(부산)주유소,대구광역시 군위군 군위읍오곡리 산67-5,군위(부산),229.0,1.0,0.0
부산,1535,1695,1032,Y,AD,B00089,033-763-8603,550.0,중앙선,219.0,치악(부산)주유소,강원도 원주시 신림면금창리 550,치악(부산),217.0,1.0,0.0
부산,1497,1657,1016,Y,AD,B00091,043-423-5406,550.0,중앙선,224.0,단양팔경(부산)주유소,충청북도 단양군 적성면기동리 산74-1,단양팔경(부산),223.0,,
부산,1502,1657,1068,Y,AD,B00112,033-731-0736,550.0,중앙선,216.0,원주(부산)주유소,강원도 원주시 호저면마근거리길 120,원주(부산),299.0,1.0,0.0
부산,1627,1799,1039,Y,AD,B00115,033-264-0391,550.0,중앙선,212.0,춘천(부산)주유소,강원 춘천시 동내면 사암리산123-2,춘천(부산),211.0,1.0,1.0
부산,1508,1657,977,Y,AD,B00124,054-977-6934,550.0,중앙선,252.0,동명(춘천)주유소,경북 칠곡군 동명면가천리 85-2,동명(춘천),250.0,1.0,0.0
춘천,1510,1697,977,Y,AD,B00055,054-854-3324,550.0,중앙선,228.0,안동(춘천)주유소,경북 안동시 풍산읍계평리 산133-4,안동(춘천),226.0,1.0,0.0
춘천,1506,1668,977,Y,AD,B00057,054-383-6117,550.0,중앙선,232.0,군위(춘천)주유소,대구광역시 군위군 군위읍오곡리 산68-8,군위(춘천),230.0,1.0,0.0
춘천,1535,1695,1032,Y,AD,B00090,033-762-0349,550.0,중앙선,220.0,치악(춘천)주유소,강원도 원주시 신림면금창리 500,치악(춘천),218.0,1.0,0.0
춘천,1506,1697,977,Y,AD,B00092,043-421-1676,550.0,중앙선,222.0,단양팔경(춘천)주유소,충청북도 단양군 단성면하방리 56,단양팔경(춘천),221.0,,
춘천,1515,1690,1050,Y,AD,B00109,033-435-6751,550.0,중앙선,214.0,홍천강(춘천)주유소,강원 홍천군 북방면소매곡리(도사곡길) 223,홍천강(춘천),213.0,1.0,0.0
춘천,1517,1679,X,N,AD,B00111,033-731-6425,550.0,중앙선,215.0,원주(춘천)주유소,강원도 원주시 호저면 마근거리길 110 (원주(춘천방향)휴게소)옥산리 219-1,원주(춘천),300.0,1.0,0.0
춘천,1508,1657,977,Y,AD,B00123,054-977-6941,550.0,중앙선,251.0,동명(부산)주유소,경북 칠곡군 동명면가천리 60,동명(부산),249.0,1.0,0.0
서울,1509,1669,1047,Y,AD,B00207,033-436-7887,600.0,서울양양선,511.0,홍천(서울)주유소,대전광역시 서구 대덕대로220번길 46(둔산동),홍천(서울),509.0,1.0,0.0
서울,1509,1669,1047,Y,AD,B00209,033-852-7110,600.0,서울양양선,514.0,내린천(서울)주유소,강원도 인제군 상남면 서울양양고속도로 117내린천서울주유소,내린천,513.0,1.0,0.0
양양,1509,1669,1047,Y,AD,B00208,033-436-7997,600.0,서울양양선,512.0,홍천(양양)주유소,대전광역시 서구 대덕대로220번길 46(둔산동),홍천(양양),510.0,1.0,0.0
양양,1509,1669,1047,Y,AD,B00210,033-852-7220,600.0,서울양양선,515.0,내린천(양양)주유소,강원 인제군 상남면 서울양양고속도로 117-2상남리(상남로),내린천,513.0,1.0,1.0
동해,1517,1679,1074,Y,AD,B00018,033-534-6648,650.0,동해선,235.0,동해(삼척)주유소,강원도 동해시 망상동산5-4,동해(삼척),233.0,,
동해,1509,1699,X,N,AD,B00127,033-644-8456,650.0,동해선,281.0,구정(삼척)주유소,강원 강릉시 구정면제비리 888,구정(삼척),267.0,,
속초,1506,1678,1025,Y,AD,B00125,033-534-2100,650.0,동해선,302.0,옥계(속초)주유소,강원 강릉시 옥계면도직리 산2-2,옥계(속초),301.0,1.0,0.0
속초,1503,1673,X,N,AD,B00126,033-644-4929,650.0,동해선,310.0,구정(속초)주유소,강원 강릉시 구정면제비리 608,구정(속초),274.0,1.0,0.0
동해,1508,1657,X,N,AD,B00197,,652.0,울산포항선,443.0,외동(부산)주유소,경북 경주시 외동읍상석길 58-74,외동(부산),441.0,,
속초,1508,1657,X,N,AD,B00196,,652.0,울산포항선,442.0,외동(포항)주유소,경북 경주시 외동읍상석길 58-70,외동(포항),440.0,1.0,0.0
기장,1517,1675,X,N,AD,B00216,055-312-2862,1000.0,수도권제1순환선,532.0,시흥하늘(판교)주유소,경기도 시흥시 서울외곽순환고속도로106,시흥하늘,530.0,,
진영,1517,1675,X,N,AD,B00215,055-312-2864,1000.0,수도권제1순환선,531.0,시흥하늘(일산)주유소,경기도 시흥시 서울외곽순환고속도로105-1,시흥하늘,530.0,,
퇴계원,1505,1648,X,N,AD,B00205,031-759-0178,1000.0,수도권제1순환선,507.0,성남(구리)주유소,경기도 성남시 수정구 산성대로 41,성남졸음쉼터,528.0,,
판교,1539,1689,X,N,HD,B00158,031-421-7344,1000.0,수도권제1순환선,330.0,의왕청계(일산)주유소,경기 의왕시 청계동산 8-18,청계졸음쉼터,424.0,,
판교,1524,1694,X,N,S,B00161,031-795-5870,1000.0,수도권제1순환선,337.0,서하남(판교)주유소,경기 하남시 춘궁동212,서하남행복드림쉼터,336.0,,
판교,1505,1648,X,N,AD,B00206,031-555-0740,1000.0,수도권제1순환선,508.0,구리남양주(판교)주유소,경기도 구리시 서울외곽순환고속도로 27 (한국도로공사구리영업소),구리남양주행복드림쉼터,564.0,,
냉정,1494,1668,1068,Y,AD,B00058,055-314-2447,1040.0,남해제2지선,237.0,장유(서부산)주유소,경남 김해시 장유면부곡리 419-2,장유(서부산),236.0,,
부산,1597,1727,X,N,SK,B00237,051-941-5155,1040.0,남해제2지선,593.0,서부산(순천)주유소,부산 강서구 남해2지선고속도로19(대저2동),서부산(순천),592.0,,
공주,1519,1699,1059,Y,AD,B00155,041-833-8300,1510.0,서천공주선,323.0,부여백제(서천)주유소,충남 부여군 내산면율암리 134,부여백제(서천),321.0,1.0,0.0
서천,1519,1699,1059,Y,AD,B00156,041-834-4600,1510.0,서천공주선,322.0,부여백제(공주)주유소,충남 부여군 내산면서천공주간고속도로 26,부여백제(공주),320.0,1.0,0.0
논산,1504,1669,1009,Y,AD,B00032,041-733-7487,2510.0,호남선의 지선,241.0,벌곡(논산)주유소,충남 논산시 벌곡면호남지선 고속도로25,벌곡(논산),240.0,,
대전,1504,1669,1009,Y,AD,B00105,041-732-3991,2510.0,호남선의 지선,239.0,벌곡(대전)주유소,충남 논산시 벌곡면양산리 209,벌곡(대전),238.0,,
마산,1498,1668,X,N,AD,B00214,054-932-1200,3010.0,상주영천선,523.0,삼국유사군위(상주)주유소,경상북도 영천시 신녕면 치산효령로 989-23,삼국유사군위(상주),521.0,,
양평,1498,1668,X,N,AD,B00213,054-933-0820,3010.0,상주영천선,522.0,군위영천(영천)주유소,경상북도 영천시 신녕면 치산효령로 865-43,군위영천(영천),520.0,,
퇴계원,1597,1747,1022,Y,SK,B00211,031-481-8147,3010.0,상주영천선,518.0,낙동강의성(영천)주유소,경상북도 의성군 단밀면 도안로 757-68,낙동강의성(영천),516.0,,
판교,1597,1747,1022,Y,SK,B00212,031-481-8149,3010.0,상주영천선,519.0,낙동강구미(상주)주유소,경상북도 구미시 도개면 용산3길 132122-65,낙동강구미(상주),517.0,,
대구,1517,1679,1038,Y,AD,B00064,053-614-2508,4510.0,중부내륙선의 지선,245.0,현풍(대구)주유소,대구광역시 달성군 현풍면성하리 716,현풍(대구),243.0,1.0,0.0
현풍,1514,1674,1038,Y,AD,B00065,053-614-2437,4510.0,중부내륙선의 지선,246.0,현풍(창원)주유소,대구광역시 달성군 현풍면 중부내륙지선고속도로 3현풍(현풍)주유소,현풍(창원),244.0,,
퇴계원,1505,1648,X,N,AD,B00219,031-528-3002,6000.0,부산외곽순환선,549.0,김해금관가야(창원)주유소,경상남도 김해시 대동면 월촌리770,김해금관가야,548.0,,
