bsopAdtnlFcltCd,cocrPrkgTrcn,dspnPrkgTrcn,fscarPrkgTrcn,gudClssCd,gudClssNm,hdqrCd,hdqrNm,mtnofCd,mtnofNm,pstnoCd,routeCd,routeNm,rprsTelNo,svarAddr,svarCd,svarGsstClssCd,svarGsstClssNm,svarNm,sliced_rest,wifi,satisfaction,electric_car,nursing_room,pharmacy,Braile_block,pet
A00078,73,4,43,1,하행,600000,대구경북본부,610200,대구,780900.0,10,경부선,0547516890,경북 경주시 건천읍 방내리 14,54,0,휴게소,건천(부산)휴게소,건천(부산),true,2.0,true,true,false,true,
A00077,72,4,25,0,상행,600000,대구경북본부,610200,대구,780900.0,10,경부선,0547517401,경북 경주시 건천읍 금척리 683-2,52,0,휴게소,건천(서울)휴게소,건천(서울),true,1.0,true,true,false,true,
000453,0,0,0,1,하행,600000,대구경북본부,610200,대구,702801.0,10,경부선,0530000000,대구 북구 검단동 543-2 검단졸음쉼터,453,0,휴게소,검단졸음쉼터(부산),검단졸음쉼터(부산),false,,false,false,false,false,
000452,0,0,0,0,상행,600000,대구경북본부,610200,대구,702800.0,10,경부선,0530000000,대구 북구 검단동 376-11 검단졸음쉼터,452,0,휴게소,검단졸음쉼터(서울),검단졸음쉼터(서울),false,,false,false,false,false,
A00070,149,215,62,0,상행,600000,대구경북본부,610200,대구,712830.0,10,경부선,0538525243,경북 경산시 진량면 신상리 995-3,48,0,휴게소,경산(서울)휴게소,경산(서울),true,,true,true,false,true,
A00107,146,6,142,1,하행,700000,부산경남본부,710900,서울산,38196.0,10,경부선,0547483195,경북 경주시 내남면 경부고속도로 59 (월산리) 경주(부산)휴게소,55,0,휴게소,경주(부산)휴게소,경주(부산),true,1.0,true,true,false,true,
A00037,288,335,38,1,하행,400000,대전충남본부,410500,영동,373830.0,10,경부선,0437312233,충북 옥천군 동이면 조령리 568,34,0,휴게소,금강(부산)휴게소,금강(부산),true,,true,true,false,true,
A00003,370,454,74,1,하행,200000,수도권본부,210300,수원,17100.0,10,경부선,0312865001,경기 용인시 기흥구 공세로 173 기흥휴게소,5,0,휴게소,기흥(부산)휴게소,기흥(부산),true,1.0,true,true,false,true,
A00230,0,0,0,1,하행,200000,수도권본부,210300,수원,449902.0,10,경부선,0312828900,경기 용인시 기흥읍 공세리 290-1,408,0,휴게소,기흥복합휴게소,기흥복합,false,,false,false,false,false,
A00184,113,18,66,1,하행,600000,대구경북본부,610100,구미,740882.0,10,경부선,0544350211,경북 김천시 농소면 신촌리 730-2,342,0,휴게소,김천(부산)휴게소,김천(부산),true,,true,true,false,true,
A00163,105,6,51,0,상행,600000,대구경북본부,610100,구미,740882.0,10,경부선,0544331523,경북 김천시 농소면 신촌리 728-1,306,0,휴게소,김천(서울)휴게소,김천(서울),true,,true,true,false,true,
A00030,289,402,93,1,하행,400000,대전충남본부,410100,천안,330830.0,10,경부선,0415574000,충남 천안시 성거읍 요방리 121,13,0,휴게소,망향(부산)휴게소,망향(부산),true,2.0,true,true,false,true,
A00294,0,0,0,1,하행,200000,수도권본부,210800,시흥,426420.0,10,경부선,0310000000,"경기 안산시 상록구 장하동 141-2 서서울톨게이트, 목포방향",433,0,휴게소,서서울(목포)졸음쉼터,서서울(목포)졸음쉼터,false,,false,false,false,false,
A00293,0,0,0,0,상행,200000,수도권본부,210800,시흥,426420.0,10,경부선,0310000000,"경기 안산시 상록구 장하동 산 8-1 서서울톨게이트, 서울방향",432,0,휴게소,서서울(서울)졸음쉼터,서서울(서울)졸음쉼터,false,,false,false,false,false,
A00001,253,7,2,1,하행,200000,수도권본부,210300,수원,137150.0,10,경부선,025783372,서울 서초구 원지동 10-16,1,0,휴게소,서울만남(부산)휴게소,서울만남(부산),true,2.0,true,true,false,true,
A00192,30,3,27,1,하행,200000,수도권본부,210300,수원,463470.0,10,경부선,0317147255,경기 성남시 분당구 궁내동 257-20,370,0,휴게소,서울하이패스센터쉼터,서울하이패스센터쉼터,false,,false,false,false,false,
A00269,0,0,0,1,하행,600000,대구경북본부,610100,구미,39215.0,10,경부선,00000000000,경상북도 구미시 도량동 472-4 선기졸음쉼터(부산방향),537,0,휴게소,선기(부산)졸음쉼터,선기(부산)졸음쉼터,false,,false,false,false,false,
000536,0,0,0,0,상행,600000,대구경북본부,610100,구미,39215.0,10,경부선,00000000000,경상북도 구미시 도량동 333-2 선기졸음쉼터(서울방향),536,0,휴게소,선기(서울)졸음쉼터,선기(서울)졸음쉼터,false,,false,false,false,false,
A00298,0,0,0,1,하행,400000,대전충남본부,410200,대전,34344.0,10,경부선,0420000000,대전 대덕구 상서동 산 66-11 경부노선 신탄진졸음쉼터(부산방향),571,0,휴게소,신탄진(부산)졸음쉼터,신탄진(부산)졸음쉼터,false,,false,false,false,false,
A00102,133,12,197,0,상행,400000,대전충남본부,410200,대전,306120.0,10,경부선,0429342442,대전시 대덕구 상서동 236-1,28,0,휴게소,신탄진(서울)휴게소,신탄진(서울),true,,true,true,false,true,true
A00005,395,10,405,1,하행,200000,수도권본부,210300,수원,456810.0,10,경부선,0316550531,경기 안성시 원곡면 경부고속도로 365,9,0,휴게소,안성(부산)휴게소,안성(부산),true,,true,true,false,true,
A00004,253,390,123,0,상행,200000,수도권본부,210300,수원,17553.0,10,경부선,0316115793,경기 안성시 원곡면 산하리(경부고속도로 372),7,0,휴게소,안성(서울)휴게소,안성(서울),true,1.0,true,true,false,true,
A00132,172,212,35,0,상행,700000,부산경남본부,710900,서울산,626823.0,10,경부선,0553840144,경남 양산시 동면 내송리 788번지,62,0,휴게소,양산(서울)휴게소,양산(서울),true,,true,true,false,true,
A00088,116,153,33,1,하행,700000,부산경남본부,710100,울산,689800.0,10,경부선,0522636147,울산광역시 울주군 언양읍 태기리 684-1,59,0,휴게소,언양(부산)휴게소,언양(부산),false,,false,false,false,false,
A00086,144,9,72,0,상행,700000,부산경남본부,710900,서울산,689800.0,10,경부선,0522636153,울산광역시 울주군 언양읍 반곡리 966-14,57,0,휴게소,언양(서울)휴게소,언양(서울),true,2.0,true,true,false,true,
A00292,0,0,0,1,하행,400000,대전충남본부,410100,천안,31026.0,10,경부선,00000000000,충남 천안시 서북구 입장면 연곡리 243-5,535,0,휴게소,연곡(부산)졸음쉼터,연곡(부산)졸음쉼터,false,,false,false,false,false,
A00283,0,0,0,1,하행,200000,수도권본부,210300,수원,44705.0,10,경부선,0310000000,경기도 오산시 동부대로568번길 57(오산졸음쉼터 부산방향),562,0,휴게소,오산(부산)졸음쉼터,오산(부산)졸음쉼터,false,,false,false,false,false,
A00450,0,0,0,0,상행,200000,수도권본부,210300,수원,447050.0,10,경부선,0310000000,경기 오산시 부산동 442-5 경부고속도로 오산졸음쉼터,450,0,휴게소,오산졸음쉼터(서울),오산졸음쉼터(서울),false,,false,false,false,false,
A00032,126,255,120,1,하행,400000,대전충남본부,410100,천안,363910.0,10,경부선,0432601053,충북 청원군 옥산면 오산리 589-15,21,0,휴게소,옥산(부산)휴게소,옥산(부산),true,,true,true,false,true,
A00103,75,149,70,1,하행,400000,대전충남본부,410500,영동,373800.0,10,경부선,0437318521,충북 옥천군 옥천읍 매화리 236-16,30,0,휴게소,옥천(부산)휴게소,옥천(부산),true,,true,true,false,true,
A00047,73,139,62,0,상행,400000,대전충남본부,410500,영동,29043.0,10,경부선,0437318097,충북 옥천군 옥천읍 매화리(옥천동이로) 옥천동이로 242-34,32,0,휴게소,옥천(서울)휴게소,옥천(서울),true,,true,true,false,true,
A00227,103,5,109,1,하행,400000,대전충남본부,410500,영동,373800.0,10,경부선,043-732-0081,충북 옥천군 옥천읍 중앙로 135,404,0,휴게소,옥천만남휴게소,옥천만남,false,,true,false,false,false,
A00050,140,12,198,0,상행,400000,대전충남본부,410100,천안,31026.0,10,경부선,0415887868,충청남도 천안시 서북구 입장면 연곡길 407,11,0,휴게소,입장거봉포도(서울)휴게소,입장거봉포도(서울),true,,true,true,false,false,
A00036,240,8,30,1,하행,400000,대전충남본부,410200,대전,28369.0,10,경부선,0432690850,충북 청주시 서원구 현도면 경부고속도로  289,26,0,휴게소,죽암(부산)휴게소,죽암(부산),true,,true,true,false,true,
A00035,202,249,41,0,상행,400000,대전충남본부,410200,대전,363820.0,10,경부선,0432608035,충북 청원군 현도면 죽전리 314,24,0,휴게소,죽암(서울)휴게소,죽암(서울),true,,true,true,false,true,true
A00002,133,204,67,0,상행,200000,수도권본부,210300,수원,449162.0,10,경부선,0312623168,경기 용인시 죽전2동 866-2,3,0,휴게소,죽전(서울)휴게소,죽전(서울),true,,true,true,false,true,
000410,0,0,0,1,하행,200000,수도권본부,210300,수원,445812.0,10,경부선,00000000000,경기 화성시 동탄면 산척리,410,0,휴게소,중소기업청휴게소,중소기업청,false,,false,false,false,false,
A00033,230,12,23,0,상행,400000,대전충남본부,410100,천안,330060.0,10,경부선,0415512480,충남 천안시 구성동 171,15,0,휴게소,천안삼거리(서울)휴게소,천안삼거리(서울),true,,true,true,true,false,
A00034,150,8,57,1,하행,400000,대전충남본부,410100,천안,330880.0,10,경부선,0415524560,충남 천안시 수신면 신풍리 447-3,17,0,휴게소,천안호두(부산)휴게소,천안호두(부산),true,,true,true,false,false,
A00126,91,298,201,0,상행,400000,대전충남본부,410100,천안,363912.0,10,경부선,0432371700,충북 청원군 옥산면 장남리 284-16,19,0,휴게소,청주(서울)휴게소,청주(서울),true,,true,true,false,true,
A00068,133,237,99,1,하행,600000,대구경북본부,610100,구미,740820.0,10,경부선,0544302000,경북 김천시 봉산면 광천리 691,40,0,휴게소,추풍령(부산)휴게소,추풍령(부산),true,1.0,false,true,false,true,
A00067,115,163,44,0,상행,600000,대구경북본부,610100,구미,740820.0,10,경부선,0544393187,경북 김천시 봉산면 광천리 737-1,42,0,휴게소,추풍령(서울)휴게소,추풍령(서울),true,1.0,false,true,false,true,
A00072,140,300,153,1,하행,600000,대구경북본부,610100,구미,39869.0,10,경부선,0549752277,경북 칠곡군 왜관읍 아곡리(경부고속도로) 159,44,0,휴게소,칠곡(부산)휴게소,칠곡(부산),true,1.0,true,true,false,true,
A00069,158,8,65,0,상행,600000,대구경북본부,610100,구미,718800.0,10,경부선,0549751883,경북 칠곡군 왜관읍 아곡리 138,46,0,휴게소,칠곡(서울)휴게소,칠곡(서울),true,1.0,true,true,false,true,
000542,0,0,0,0,상행,200000,수도권본부,210800,시흥,6181.0,10,경부선,025287578,서울 강남구 삼성동 BGF리테일 테스트,542,0,휴게소,테스트휴게소,테스트,false,,false,false,false,false,
A00200,215,6,30,1,하행,700000,부산경남본부,710900,서울산,50503.0,10,경부선,0553836145,경남 양산시 하북면 순지리(경부고속도로) 31-1,372,0,휴게소,통도사(부산)휴게소,통도사(부산),true,,true,true,false,true,
A00071,155,8,66,1,하행,600000,대구경북본부,610200,대구,38480.0,10,경부선,0538528651,경북 경산시 진량읍 경부고속도로105,50,0,휴게소,평사(부산)휴게소,평사(부산),true,1.0,true,true,false,true,
A00049,75,133,55,1,하행,400000,대전충남본부,410500,영동,370860.0,10,경부선,0437425805,충북 영동군 황간면 회포리 103-2,36,0,휴게소,황간(부산)휴게소,황간(부산),true,1.0,true,true,false,true,
A00048,89,121,28,0,상행,400000,대전충남본부,410500,영동,370860.0,10,경부선,0437427633,충북 영동군 황간면 회포리 114,38,0,휴게소,황간(서울)휴게소,황간(서울),true,,true,true,false,true,
000568,0,0,0,1,하행,500000,광주전남본부,510700,담양,51580.0,2530,고창담양선,00000000000,전남 장성군 장성읍 안평리 산26-3,568,0,휴게소,장성물류졸음쉼터(고창),장성물류졸음쉼터(고창),false,,false,false,false,false,
000567,0,0,0,0,상행,500000,광주전남본부,510700,담양,51580.0,2530,고창담양선,00000000000,전남 장성군 장성읍 안평리 산26-3,567,0,휴게소,장성물류졸음쉼터(담양),장성물류졸음쉼터(담양),false,,false,false,false,false,
A00238,68,2,23,1,하행,500000,광주전남본부,510200,광주,595800.0,122,광주대구선,0636534033,전북 순창군 순창읍 광주대구고속도로 27,436,0,휴게소,강천산(광주)휴게소,강천산(광주),true,,true,true,false,true,
A00237,52,2,16,0,상행,500000,광주전남본부,510200,광주,56048.0,122,광주대구선,0636533050,전라북도 순창군 순창읍 88올림픽고속도로 22 (백산리 927-1),418,0,휴게소,강천산(대구)휴게소,강천산(대구),true,,true,true,false,true,
A00074,104,131,25,1,하행,600000,대구경북본부,610300,고령,50119.0,122,광주대구선,0559430992,경남 거창군 가조면 도리(가조가야로),84,0,휴게소,거창(광주)휴게소,거창(광주),true,,true,true,false,true,
A00073,77,95,16,0,상행,600000,대구경북본부,610300,고령,670910.0,122,광주대구선,0559430992,경남 거창군 가조면 도리 산181,83,0,휴게소,거창(대구)휴게소,거창(대구),true,1.0,true,true,false,true,
A00248,38,2,15,1,하행,500000,광주전남본부,510400,남원,55744.0,122,광주대구선,0636354034,전북 남원시 화정동 88올림픽고속도로 47,439,0,휴게소,남원(광주)휴게소,남원(광주),false,,false,false,false,false,
A00057,38,2,15,0,상행,500000,광주전남본부,510400,남원,590941.0,122,광주대구선,0636364034,전북 남원시 주생면 내동리 산30-4,305,0,휴게소,남원(대구)휴게소,남원(대구),false,,false,false,false,false,
A00251,0,0,0,1,하행,600000,대구경북본부,610300,고령,711850.0,122,광주대구선,07043040600,대구 달성군 논공읍 88올림픽고속도로 175,447,0,휴게소,논공(광주)휴게소,논공(광주),true,1.0,true,true,false,true,
A00252,101,4,15,0,상행,600000,대구경북본부,610300,고령,711850.0,122,광주대구선,,대구 달성군 논공읍 88올림픽고속도로 176,446,0,휴게소,논공(대구)휴게소,논공(대구),true,1.0,true,true,false,true,
A00250,37,2,20,1,하행,600000,대구경북본부,610300,고령,676811.0,122,광주대구선,0559638411,경남 함양군 수동면 우명하교로 174,444,0,휴게소,산삼골(광주)휴게소,산삼골(광주),false,,false,false,false,false,
A00249,30,2,20,0,상행,600000,대구경북본부,610300,고령,676811.0,122,광주대구선,0559638411,경남 함양군 수동면 산업단지길 209,445,0,휴게소,산삼골(대구)휴게소,산삼골(대구),false,,false,false,false,false,
A00059,52,90,36,1,하행,500000,광주전남본부,510400,남원,590860.0,122,광주대구선,0636367195,전북 남원시 아영면 아곡리 79-1,88,0,휴게소,지리산(광주)휴게소,지리산(광주),true,,true,true,false,false,
A00058,30,51,19,0,상행,500000,광주전남본부,510400,남원,590860.0,122,광주대구선,0636367191,전북 남원시 아영면 아곡리 산83,87,0,휴게소,지리산(대구)휴게소,지리산(대구),true,2.0,true,true,false,true,
000438,0,0,0,0,상행,500000,광주전남본부,510400,남원,590140.0,120,"광주대구선,무안광주선",0630000000,전북 남원시 화정동 88올림픽고속도로 48,438,0,휴게소,남원(대구)간이휴게소,남원(대구)간이,false,,false,false,false,false,
A00223,0,0,0,1,하행,600000,대구경북본부,610300,고령,711850.0,120,"광주대구선,무안광주선",0536119560,대구광역시 달성군 논공읍 삼리리 458-5,81,0,휴게소,논공(광주)휴게소,논공(광주),true,1.0,true,true,false,true,
A00226,0,0,0,0,상행,600000,대구경북본부,610300,고령,711856.0,120,"광주대구선,무안광주선",0536113633,대구 달성군 논공읍 삼리 462-1,399,0,휴게소,논공(대구)휴게소,논공(대구),true,1.0,true,true,false,true,
A00075,13,17,2,1,하행,600000,대구경북본부,610300,고령,676810.0,120,"광주대구선,무안광주선",0559637709,경남 함양군 수동면 죽산리 산98-9,86,0,휴게소,죽산(고서)휴게소,죽산(고서),false,,false,false,false,false,
A00291,0,0,0,0,상행,700000,부산경남본부,710400,진주,52504.0,100,남해선,00000000000,경상남도 사천시 곤양면 맥사리 165-7,540,0,휴게소,곤양(순천)졸음쉼터,곤양(순천)졸음쉼터,false,,false,false,false,false,
A00091,186,7,46,0,상행,700000,부산경남본부,710400,진주,660840.0,100,남해선,0557612820,경남 진주시 문산읍 소문리 968-2,71,0,휴게소,문산(순천)휴게소,문산(순천),true,1.0,true,true,false,true,
A00225,59,3,42,1,하행,500000,광주전남본부,520100,보성,546861.0,100,남해선,07043258808,전남 보성군 겸백면 수남리 385-3,400,0,휴게소,보성녹차(순천)휴게소,보성녹차(순천),true,,true,true,false,false,
A00224,80,3,42,0,상행,500000,광주전남본부,520100,보성,546822.0,100,남해선,07043258804,전남 보성군 미력면 화방리 산 196-7,401,0,휴게소,보성녹차(영암)휴게소,보성녹차(영암),true,,true,true,false,false,
A00097,123,6,45,1,하행,700000,부산경남본부,710400,진주,52508.0,100,남해선,0558543134,경남 사천시 곤양면 묵곡리(서삼로) 619번길,73,0,휴게소,사천(부산)휴게소,사천(부산),true,1.0,true,true,false,true,
A00096,137,6,45,0,상행,700000,부산경남본부,710400,진주,664910.0,100,남해선,0558543547,경남 사천시 곤양면 묵곡리 산171-31,74,0,휴게소,사천(순천)휴게소,사천(순천),true,1.0,true,true,false,true,
A00054,112,140,24,1,하행,500000,광주전남본부,510300,순천,545850.0,100,남해선,0617727986,전남 광양시 진월면 신아리 1192-1,77,0,휴게소,섬진강(부산)휴게소,섬진강(부산),true,1.0,true,true,false,true,
A00053,66,100,30,0,상행,500000,광주전남본부,510300,순천,545850.0,100,남해선,0617727993,전남 광양시 진월면 신아리 1192-1,78,0,휴게소,섬진강(순천)휴게소,섬진강(순천),true,,true,true,false,true,
A00297,0,0,0,1,하행,700000,부산경남본부,710400,진주,660891.0,100,남해선,0510000000,경남 진주시 지수면 금곡리 240-4 남해고속도로,451,0,휴게소,지수졸음쉼터(부산),지수졸음쉼터(부산),false,,false,false,false,false,
A00085,181,233,44,1,하행,700000,부산경남본부,710300,창원,50871.0,100,남해선,0553423236,경남 김해시 진영읍 우동리(하계로96번길)94-4,63,0,휴게소,진영(부산)휴게소,진영(부산),true,,true,true,false,true,
A00084,355,10,68,0,상행,700000,부산경남본부,710300,창원,50871.0,100,남해선,0553423959,경남 김해시 진영읍 우동리(하계로96번길) 68,64,0,휴게소,진영(순천)휴게소,진영(순천),true,,true,true,false,true,
A00185,170,238,61,1,하행,700000,부산경남본부,710400,진주,660310.0,100,남해선,0557593205,경남 진주시 호탄동 382 외 62필지,347,0,휴게소,진주(부산)휴게소,진주(부산),true,,true,true,false,true,true
A00186,156,10,65,1,하행,700000,부산경남본부,710400,진주,637824.0,100,남해선,0555822191,경남 함안군 군북면 유현리 산 993-6,344,0,휴게소,함안(부산)휴게소,함안(부산),true,1.0,true,true,false,true,
A00187,171,7,43,0,상행,700000,부산경남본부,710400,진주,637824.0,100,남해선,0555825470,경남 함안군 군북면 유현리 산 993-1,348,0,휴게소,함안(순천)휴게소,함안(순천),true,2.0,false,true,false,true,
A00300,68,6,32,0,상행,500000,광주전남본부,520100,보성,59309.0,101,남해선(영암순천),0618645007,전남 장흥군 부산면 호계리 산 211-1 외 9필지,575,0,휴게소,장흥정남진휴게소,장흥정남진,true,,false,true,false,false,
000544,0,0,0,0,상행,700000,부산경남본부,710300,창원,51190.0,1020,남해제1지선,00000000000,경상남도 창원시 의창구 동정동 495,544,0,휴게소,창원(부산)졸음쉼터,창원(부산)졸음쉼터,false,,false,false,false,false,
A00308,109,4,17,0,상행,700000,부산경남본부,710300,창원,46722.0,1040,남해제2지선,0519412110,부산 강서구 남해2지선고속도로 19(대저2동),592,0,휴게소,서부산(순천)휴게소,서부산(순천),false,,false,false,false,false,
A00083,60,107,43,0,상행,700000,부산경남본부,710300,창원,621830.0,1040,남해제2지선,0553132610,경남 김해시 장유면 부곡리 53-1,236,0,휴게소,장유(서부산)휴게소,장유(서부산),true,,true,true,false,false,
000461,0,0,0,0,상행,990000,-,210100,인천,314840.0,250,"논산천안선,호남선",00000000000,충남 공주시 이인면 논산천안고속도로 32,461,0,휴게소,이인(천안)휴게소,이인(천안),false,,false,false,false,false,
000460,0,0,0,1,하행,990000,-,210100,인천,314820.0,250,"논산천안선,호남선",00000000000,충남 공주시 정안면 논산천안고속도로 57,460,0,휴게소,정안알밤(논산)휴게소,정안알밤(논산),false,,false,false,false,false,
000459,0,0,0,0,상행,990000,-,210100,인천,314820.0,250,"논산천안선,호남선",00000000000,충남 공주시 정안면 논산천안고속도로 58,459,0,휴게소,정안알밤(천안)휴게소,정안알밤(천안),false,,false,false,false,false,
000462,0,0,0,1,하행,990000,-,210100,인천,314853.0,250,"논산천안선,호남선",00000000000,충남 공주시 탄천면 장선리 151-6,462,0,휴게소,탄천(논산)휴게소,탄천(논산),false,,false,false,false,false,
A00141,196,299,98,0,상행,600000,대구경북본부,610700,영천,770862.0,207,대구포항선,0543380037,경북 영천시 임고면 금대리 99,257,0,휴게소,영천(대구)휴게소,영천(대구),true,,true,true,false,true,
A00140,165,266,95,1,하행,600000,대구경북본부,610700,영천,770862.0,207,대구포항선,0543380062,경북 영천시 임고면 금대리 103,258,0,휴게소,영천(포항)휴게소,영천(포항),true,,true,true,false,true,
A00143,91,8,52,1,하행,600000,대구경북본부,610700,영천,712841.0,207,대구포항선,0538531086,경북 경산시 와촌면 강학리 산71-1 외 14필지,294,0,휴게소,와촌(포항)휴게소,와촌(포항),true,,true,true,false,true,
A00142,93,170,68,0,상행,600000,대구경북본부,610700,영천,770893.0,207,대구포항선,0543375009,경북 영천시 청통면 우천리 산 160-4,293,0,휴게소,청통(대구)휴게소,청통(대구),true,,true,true,false,true,
000569,0,0,0,0,상행,400000,대전충남본부,410500,영동,30027.0,3000,대전남부순환선,0420000000,대전광역시 동구 이사동 산16,569,0,휴게소,산내졸음쉼터,산내졸음쉼터,false,,false,false,false,false,
A00137,44,8,22,1,하행,300000,강원본부,310300,강릉,210810.0,650,동해선,0336448345,강원 강릉시 구정면 제비리 888,267,0,휴게소,구정(삼척)휴게소,구정(삼척),true,,true,true,false,false,
A00136,44,8,22,0,상행,300000,강원본부,310300,강릉,210810.0,650,동해선,0336444760,강원 강릉시 구정면 동해고속도로 346,274,0,휴게소,구정(속초)휴게소,구정(속초),true,,true,true,false,true,
A00025,87,4,12,1,하행,300000,강원본부,310300,강릉,240080.0,650,동해선,0335346631,강원도 동해시 망상동 산5-1,233,0,휴게소,동해(삼척)휴게소,동해(삼척),true,,true,true,false,false,
A00182,36,46,10,1,하행,300000,강원본부,310300,강릉,215841.0,650,동해선,07082407781,강원 양양군 현남면 남애리 산 42-1,339,0,휴게소,양양(동해)휴게소,양양(동해),false,,false,false,false,false,
A00183,36,46,10,0,상행,300000,강원본부,310300,강릉,215841.0,650,동해선,07082407761,강원 양양군 현남면 남애리 산 42-1,338,0,휴게소,양양(속초)휴게소,양양(속초),false,,false,false,false,false,
A00135,107,10,39,0,상행,300000,강원본부,310300,강릉,210831.0,650,동해선,0335341700,강원 강릉시 옥계면 도직리 산2-2,301,0,휴게소,옥계(속초)휴게소,옥계(속초),true,1.0,true,true,false,true,
000481,0,0,0,1,하행,990000,-,210100,인천,619950.0,650,동해선,00000000000,부산 기장군 장안읍 동해고속도로 25,481,0,휴게소,장안(부산)휴게소,장안(부산),false,,false,false,false,false,
000482,0,0,0,0,상행,990000,-,210100,인천,619950.0,650,동해선,00000000000,부산 기장군 장안읍 동해고속도로 26,482,0,휴게소,장안(울산)휴게소,장안(울산),false,,false,false,false,false,
A00155,77,7,53,0,상행,500000,광주전남본부,510500,함평,525822.0,121,무안광주선,0613248840,전남 함평군 엄다면 무안광주고속도로 12,269,0,휴게소,함평나비(광주)휴게소,함평나비(광주),true,,true,true,false,true,
A00156,72,7,53,1,하행,500000,광주전남본부,510500,함평,525822.0,121,무안광주선,0613248858,전남 함평군 엄다면 화양리 1025-3번지,270,0,휴게소,함평나비(무안)휴게소,함평나비(무안),true,,true,true,false,true,
A00273,293,17,46,0,상행,700000,부산경남본부,710100,울산,50807.0,6000,부산외곽순환선,0553122820,경남 김해시 대동면 동남로 400,548,0,휴게소,김해금관가야휴게소,김해금관가야,true,,true,true,false,false,
A00266,0,0,0,0,상행,990000,-,210100,인천,38804.0,3010,상주영천선,0543838448,경상북도 영천시 신녕면 치산효령로 86 5-43,520,0,휴게소,군위영천(영천)휴게소,군위영천(영천),false,,false,false,false,false,
A00265,0,0,0,1,하행,990000,-,210100,인천,39103.0,3010,상주영천선,0544752974,경상북도 구미시 도개면 용산3길 132 122-65,517,0,휴게소,낙동강구미(상주)휴게소,낙동강구미(상주),false,,false,false,false,false,
A00264,0,0,0,0,상행,990000,-,210100,인천,37375.0,3010,상주영천선,0544752975,경상북도 의성군 단밀면 도안로 757-68,516,0,휴게소,낙동강의성(영천)휴게소,낙동강의성(영천),false,,false,false,false,false,
A00267,0,0,0,1,하행,990000,-,210100,인천,38804.0,3010,상주영천선,0543838778,경상북도 영천시 신녕면 치산효령로 98 9-23,521,0,휴게소,삼국유사군위(상주)휴게소,삼국유사군위(상주),false,,false,false,false,false,
A00171,136,184,44,0,상행,400000,대전충남본부,411100,공주,314813.0,300,서산영덕선,0418540050,충남 공주시 의당면 청룡리 65-16,324,0,휴게소,공주(당진)휴게소,공주(당진),true,,true,true,false,true,
A00170,141,190,45,1,하행,400000,대전충남본부,411100,공주,314914.0,300,서산영덕선,0418546060,충남 공주시 장기면 송선리 320-3,318,0,휴게소,공주(대전)휴게소,공주(대전),true,,true,true,false,true,
A00206,38,2,20,0,상행,400000,대전충남본부,410700,당진,343882.0,300,서산영덕선,0413350020,충남 당진군 면천면 자개리 산42-2,382,0,휴게소,면천(당진)휴게소,면천(당진),false,,false,false,false,false,
A00207,26,2,4,1,하행,400000,대전충남본부,410700,당진,343882.0,300,서산영덕선,0413340094,충남 당진군 면천면 자개리 산48-4,381,0,휴게소,면천(대전)휴게소,면천(대전),false,,false,false,false,false,
A00304,104,7,39,1,하행,900000,충북본부,411000,보은,28207.0,300,서산영덕선,0437152820,충북 청주시 상당구 문의면 남계리 654번지,582,0,휴게소,문의청남대(영덕)휴게소,문의청남대(영덕),false,,false,false,false,false,
A00213,0,0,0,1,하행,900000,충북본부,411000,보은,363831.0,300,서산영덕선,00000000000,충북 청원군 문의면 남계리,388,0,휴게소,문의청남대(영덕)휴게소(임시),문의청남대(영덕)(임시),false,,false,false,false,false,
A00303,108,7,40,0,상행,900000,충북본부,411000,보은,28207.0,300,서산영덕선,0432232820,충북 청주시 상당구 문의면 남계리 산59-4번지,581,0,휴게소,문의청남대(청주)휴게소,문의청남대(청주),false,,false,false,false,false,
A00212,0,0,0,0,상행,900000,충북본부,411000,보은,363831.0,300,서산영덕선,0432258226,충북 청원군 문의면 남계리 산59-6,387,0,휴게소,문의청남대(청주)휴게소(임시),문의청남대(청주)(임시),false,,false,false,false,false,
A00211,0,0,0,1,하행,900000,충북본부,411000,보은,742200.0,300,서산영덕선,00000000000,경북 상주시 거동동 산 107-14,386,0,휴게소,상주(영덕)휴게소,상주(영덕),false,,false,false,false,false,
A00210,24,2,50,0,상행,900000,충북본부,411000,보은,742200.0,300,서산영덕선,0545313776,경북 상주시 거동동 산 107-9,385,0,휴게소,상주(청원)휴게소,상주(청원),false,,false,false,false,false,
A00157,135,202,57,0,상행,900000,충북본부,411000,보은,376852.0,300,서산영덕선,0435441466,충북 보은군 마로면 적암리 180외 19필지,279,0,휴게소,속리산(청주)휴게소,속리산(청주),false,,true,true,false,false,
A00208,25,1,16,0,상행,400000,대전충남본부,411100,공주,314883.0,300,서산영덕선,0413350020,충남 공주시 신풍면 평소리 51,379,0,휴게소,신풍(당진)휴게소,신풍(당진),false,,false,false,false,false,
A00209,29,1,16,1,하행,400000,대전충남본부,411100,공주,314883.0,300,서산영덕선,0413340094,충남 공주시 신풍면 영정리 158-2,380,0,휴게소,신풍(대전)휴게소,신풍(대전),false,,false,false,false,false,
A00175,132,8,47,0,상행,400000,대전충남본부,411100,공주,,300,서산영덕선,0413350020,충남 예산군 신양면 서계양리 672-3,316,0,휴게소,예산(당진)휴게소,예산(당진),true,,true,true,false,true,
A00174,143,8,44,1,하행,400000,대전충남본부,411100,공주,340823.0,300,서산영덕선,0413340094,충남 예산군 신양면 서계양리 662-28,314,0,휴게소,예산(대전)휴게소,예산(대전),true,,true,true,false,true,
A00254,48,2,20,1,하행,600000,대구경북본부,610900,청송,769933.0,300,서산영덕선,0548629251,경북 의성군 안계면 새못안길 45-47,496,0,휴게소,의성(영덕)휴게소,의성(영덕),true,,true,true,false,true,
A00253,0,0,0,0,상행,600000,대구경북본부,610900,청송,769933.0,300,서산영덕선,0548629072,경북 의성군 안계면 새못안길 45-49,495,0,휴게소,의성(청주)휴게소,의성(청주),true,,true,true,false,false,
A00259,24,0,6,0,상행,600000,대구경북본부,610900,청송,769842.0,300,서산영덕선,0540000000,경북 의성군 옥산면 신계리 산93-4,499,0,휴게소,점곡(상주)휴게소,점곡(상주),false,,false,false,false,false,
A00260,24,0,8,1,하행,600000,대구경북본부,610900,청송,769831.0,300,서산영덕선,0540000000,경북 의성군 점곡면 윤암리 산4-37,500,0,휴게소,점곡(영덕)휴게소,점곡(영덕),false,,false,false,false,false,
A00256,65,2,11,1,하행,600000,대구경북본부,610900,청송,763823.0,300,서산영덕선,0548739102,경북 청송군 파천면 중평병부길 203-115,504,0,휴게소,청송(영덕)휴게소,청송(영덕),true,,false,true,false,true,
A00255,60,2,11,0,상행,600000,대구경북본부,610900,청송,763823.0,300,서산영덕선,0548735911,경북 청송군 파천면 중평병부길 203-92,503,0,휴게소,청송(청주)휴게소,청송(청주),true,,false,true,false,false,
A00159,177,241,54,1,하행,900000,충북본부,411000,보은,742862.0,300,서산영덕선,0545311982,경북 상주시 화서면 상용리 408,280,0,휴게소,화서(영덕)휴게소,화서(영덕),false,,true,true,false,false,true
000454,0,0,0,0,상행,990000,-,210100,인천,477853.0,600,서울양양선,00000000000,경기 가평군 설악면 미사리 145,454,0,휴게소,가평(서울)휴게소,가평(서울),false,,false,false,false,false,
000455,0,0,0,1,하행,990000,-,210100,인천,477853.0,600,서울양양선,00000000000,경기 가평군 설악면 미사리 149,455,0,휴게소,가평(춘천)휴게소,가평(춘천),false,,false,false,false,false,
A00263,497,14,52,0,상행,300000,강원본부,310900,양양,25102.0,600,서울양양선,0338528605,강원 인제군 상남면 하남리 372번지,513,0,휴게소,내린천휴게소,내린천,true,,true,true,false,false,
A00261,210,10,35,0,상행,300000,강원본부,310700,춘천,35233.0,600,서울양양선,0334369000,대전광역시 서구 대덕대로220번길 46 (둔산동),509,0,휴게소,홍천(서울)휴게소,홍천(서울),true,,true,true,false,true,
A00262,184,7,25,1,하행,300000,강원본부,310700,춘천,35233.0,600,서울양양선,0334363000,대전광역시 서구 대덕대로220번길 46 (둔산동),510,0,휴게소,홍천(양양)휴게소,홍천(양양),true,,true,true,false,true,
A00172,73,3,20,0,상행,400000,대전충남본부,810600,부여,323882.0,1510,서천공주선,0418335400,충남 부여군 내산면 율암리 149-5,320,0,휴게소,부여백제(공주)휴게소,부여백제(공주),true,,true,true,false,true,
A00173,75,3,16,1,하행,400000,대전충남본부,810600,부여,323882.0,1510,서천공주선,0418345600,충남 부여군 내산면 율암리  134,321,0,휴게소,부여백제(서천)휴게소,부여백제(서천),true,,true,true,false,true,
A00205,20,0,20,0,상행,400000,대전충남본부,810600,부여,345861.0,1510,서천공주선,0413350020,충남 청양군 목면 대평리 105-7,384,0,휴게소,청양(공주)휴게소,청양(공주),false,,false,false,false,false,
A00204,20,0,20,1,하행,400000,대전충남본부,810600,부여,345861.0,1510,서천공주선,0413350020,충남 청양군 목면 대평리 105,383,0,휴게소,청양(서천)휴게소,청양(서천),false,,false,false,false,false,
A00123,183,286,96,1,하행,800000,전북본부,810200,부안,585830.0,150,서해안선,0635616313,전북 고창군 신림면 벽송리 557-10,110,0,휴게소,고창고인돌(목포)휴게소,고창고인돌(목포),true,,true,true,false,false,
A00122,180,261,74,0,상행,800000,전북본부,810200,부안,56425.0,150,서해안선,0635616323,전북 고창군 고창읍 신월리(서해안고속도로),112,0,휴게소,고창고인돌(서울)휴게소,고창고인돌(서울),true,,true,true,false,false,
A00119,108,5,36,1,하행,800000,전북본부,810200,부안,573840.0,150,서해안선,0634530402,전라북도 군산시 성산면 산곡리 산1,108,0,휴게소,군산(목포)휴게소,군산(목포),true,,true,true,false,true,
A00118,112,226,106,0,상행,800000,전북본부,810500,보령,573852.0,150,서해안선,0634532818,전북 군산시 나포면 서해안고속도로 3182,106,0,휴게소,군산(서울)휴게소,군산(서울),true,1.0,true,true,false,true,true
A00290,0,0,0,1,하행,400000,대전충남본부,410700,당진,31750.0,150,서해안선,00000000000,충남 당진시 송악읍 서해안고속도로 265,534,0,휴게소,당진(목포)졸음쉼터,당진(목포)졸음쉼터,false,,false,false,false,false,
A00289,0,0,0,0,상행,400000,대전충남본부,410700,당진,31750.0,150,서해안선,00000000000,충남 당진시 송악읍 서해안고속도로 265,533,0,휴게소,당진(서울)졸음쉼터,당진(서울)졸음쉼터,false,,false,false,false,false,
A00203,20,0,10,0,상행,800000,전북본부,810200,부안,585863.0,150,서해안선,,전북 고창군 대산면 산정리286-38,378,0,휴게소,대산상쉼터,대산상쉼터,false,,false,false,false,false,
A00109,136,172,32,1,하행,800000,전북본부,810500,보령,355920.0,150,서해안선,0419316901,충남 보령시 주교면 주교리 933-5,103,0,휴게소,대천(목포)휴게소,대천(목포),true,,true,true,false,true,
A00108,148,201,46,0,상행,800000,전북본부,810500,보령,355920.0,150,서해안선,0419316801,충남 보령시 주교면 주교리 904-34,102,0,휴게소,대천(서울)휴게소,대천(서울),true,,true,true,false,true,
A00278,231,16,147,1,하행,200000,수도권본부,210700,화성,18531.0,150,서해안선,0312961501,경기도 화성시 매송면 서해안고속도로 315,555,0,휴게소,매송(목포)휴게소,매송(목포),true,,true,true,false,true,true
A00277,250,16,130,0,상행,200000,수도권본부,210700,화성,18531.0,150,서해안선,0312951501,경기 화성시 매송면 서해안고속도로 316,554,0,휴게소,매송(서울)휴게소,매송(서울),true,,true,true,false,true,true
A00178,57,72,12,0,상행,200000,수도권본부,210800,시흥,429819.0,150,서해안선,0314110590,경기 시흥시 목감동 125 외9필지,326,0,휴게소,목감(서울)휴게소,목감(서울),false,,false,true,false,true,
A00306,122,4,32,1,하행,800000,전북본부,810200,부안,56320.0,150,서해안선,0637768003,전북 부안군 주산면 서해안고속도로 103,586,0,휴게소,부안고려청자(목포)휴게소,부안고려청자(목포),true,,false,false,false,false,
A00305,66,2,19,0,상행,800000,전북본부,810200,부안,56320.0,150,서해안선,0637767002,전북 부안군 주산면 서해안고속도로 106,585,0,휴게소,부안고려청자(서울)휴게소,부안고려청자(서울),true,,false,false,false,false,
A00202,0,0,0,0,상행,800000,전북본부,810200,부안,579922.0,150,서해안선,0000000000,전북 부안군 주산면 덕림리 924-5,376,0,휴게소,부안상쉼터,부안상쉼터,false,,false,false,false,false,
A00201,0,0,0,1,하행,800000,전북본부,810200,부안,579922.0,150,서해안선,0000000000,전북 부안군 주산면 덕림리 933-4,377,0,휴게소,부안하쉼터,부안하쉼터,false,,false,false,false,false,
A00117,200,8,61,1,하행,400000,대전충남본부,410700,당진,356820.0,150,서해안선,0416888814,충청남도 서산시 해미면 삼송리 119,98,0,휴게소,서산(목포)휴게소,서산(목포),true,,true,true,false,false,true
A00116,125,197,65,0,상행,400000,대전충남본부,410700,당진,31954.0,150,서해안선,0416887714,충남 서산시 해미면 삼송리(서해안고속도로) 242,100,0,휴게소,서산(서울)휴게소,서산(서울),true,2.0,true,true,false,true,
A00151,111,5,36,1,하행,800000,전북본부,810500,보령,33607.0,150,서해안선,0419525757,충남 서천군 비인면 서해안고속도로169(성산리),262,0,휴게소,서천(목포)휴게소,서천(목포),true,,true,true,false,true,
A00150,151,6,40,0,상행,800000,전북본부,810500,보령,325884.0,150,서해안선,0419529700,충남 서천군 비인면 성산리 22-4,261,0,휴게소,서천(서울)휴게소,서천(서울),true,,true,true,false,true,
A00214,26,2,7,1,하행,500000,광주전남본부,510500,함평,513841.0,150,서해안선,0613519935,전남 영광군 군서면 보라리 산 103-23,389,0,휴게소,영광(목포)휴게소,영광(목포),false,,false,false,false,false,
A00124,43,7,42,1,하행,500000,광주전남본부,510500,함평,525805.0,150,서해안선,0613233751,전남 함평군 함평읍 서해안고속도로 31,117,0,휴게소,함평천지(목포)휴게소,함평천지(목포),true,2.0,true,true,false,false,
A00125,40,8,56,0,상행,500000,광주전남본부,510500,함평,525840.0,150,서해안선,0613233641,전라남도 함평군 손불면 죽암리 29-1,115,0,휴게소,함평천지(서울)휴게소,함평천지(서울),true,,true,true,false,true,
A00106,560,20,67,0,상행,400000,대전충남본부,410700,당진,343814.0,150,서해안선,0413580700,충남 당진군 신평면 매산리 513,341,0,휴게소,행담도휴게소,행담도,true,,true,true,true,true,
A00139,172,214,36,1,하행,800000,전북본부,810500,보령,350881.0,150,서해안선,0416421151,충남 홍성군 은하면 금국리 292-3,254,0,휴게소,홍성(목포)휴게소,홍성(목포),true,2.0,true,true,false,true,
A00138,189,236,41,0,상행,800000,전북본부,810500,보령,467866.0,150,서해안선,0416421172,경기 이천시 부발읍 아미리,253,0,휴게소,홍성(서울)휴게소,홍성(서울),true,2.0,true,true,false,true,
A00015,353,14,61,1,하행,200000,수도권본부,210700,화성,445910.0,150,서해안선,0313538140,경기도 화성군 팔탄면 덕천리 102-1,93,0,휴게소,화성(목포)휴게소,화성(목포),true,,true,true,false,true,
A00014,411,478,57,0,상행,200000,수도권본부,210700,화성,445910.0,150,서해안선,0313538143,경기도 화성군 팔탄면 덕천리 102-3,92,0,휴게소,화성(서울)휴게소,화성(서울),true,,true,true,false,true,
000526,0,0,0,0,상행,990000,-,210100,인천,12112.0,290,세종포천선,031)5249773,경기도 남양주시 별내중앙로58번길 30,526,0,휴게소,별내(포천)휴게소,별내(포천),false,,false,false,false,false,
000524,0,0,0,1,하행,990000,-,210100,인천,12106.0,290,세종포천선,0319284113,경기도 남양주시 별내2로 117 (별내농협) 별내면 광전리 산 110-5 외 3필지,524,0,휴게소,의정부(구리)휴게소,의정부(구리),false,,false,false,false,false,
A00199,122,6,21,0,상행,200000,수도권본부,210500,동서울,471050.0,1000,수도권제1순환선,0315293564,경기 구리시 사노동 170-13 구리고속도로휴게소,371,0,휴게소,구리(일산)휴게소,구리(일산),true,,true,true,false,false,
A00285,47,2,0,0,상행,200000,수도권본부,210500,동서울,47105.0,1000,수도권제1순환선,,경기도 구리시 서울외곽순환도로 27,564,0,휴게소,구리남양주행복드림쉼터,구리남양주행복드림쉼터,false,,false,false,false,false,
A00281,35,2,13,0,상행,200000,수도권본부,210200,군포,15004.0,1000,수도권제1순환선,,경기도 시흥시 군자로335번길 36-29,560,0,휴게소,군자행복드림쉼터,군자행복드림쉼터,false,,false,false,false,false,
000428,0,0,0,0,상행,200000,수도권본부,210500,동서울,471060.0,1000,수도권제1순환선,00000000000,경기 구리시 토평동 서울외곽순환고속도로 27,428,0,휴게소,김포(외측)졸음쉼터(舊성남구리),김포(외측)졸음쉼터(舊성남구리),false,,false,false,false,false,
A00296,0,0,0,0,상행,200000,수도권본부,210900,-,415810.0,1000,수도권제1순환선,00000000000,경기 김포시 고촌면 김포대로319번길 209-23,431,0,휴게소,김포졸음쉼터내측,김포졸음쉼터내측,false,,false,false,false,false,
A00295,0,0,0,0,상행,200000,수도권본부,210900,-,415810.0,1000,수도권제1순환선,00000000000,경기 김포시 고촌면 김포대로319번길 209-23,430,0,휴게소,김포졸음쉼터외측,김포졸음쉼터외측,false,,false,false,false,false,
A00244,69,3,5,0,상행,200000,수도권본부,210900,-,5672.0,1000,수도권제1순환선,,서울 송파구 송파동 185-5,425,0,휴게소,김포행복드림쉼터,김포행복드림쉼터,false,,false,false,false,false,
A00181,58,2,5,0,상행,200000,수도권본부,210500,동서울,465060.0,1000,수도권제1순환선,,경기 하남시 춘궁동 212,336,0,휴게소,서하남행복드림쉼터,서하남행복드림쉼터,false,,false,false,false,false,
A00528,0,0,0,0,상행,200000,수도권본부,210500,동서울,11907.0,1000,수도권제1순환선,00000000000,경기도 성남시 수정구 수진동 39-13,528,0,휴게소,성남졸음쉼터,성남졸음쉼터,false,,false,false,false,false,
A00268,0,0,0,0,상행,200000,수도권본부,210800,시흥,14983.0,1000,수도권제1순환선,0314819715,경기 시흥시 조남동 서울외곽순환고속도로,530,0,휴게소,시흥하늘휴게소,시흥하늘,true,,true,true,true,true,
000469,0,0,0,0,상행,990000,-,210100,인천,482810.0,1000,수도권제1순환선,00000000000,경기 양주시 장흥면 서울외곽순환고속도로 58,469,0,휴게소,양주(일산)휴게소,양주(일산),false,,false,false,false,false,
A00179,45,49,2,0,상행,200000,수도권본부,210500,동서울,437110.0,1000,수도권제1순환선,0314217344,경기 의왕시 청계동 안양판교로 476 의왕(청계)휴게소,329,0,휴게소,의왕(일산)휴게소,의왕(일산),false,,false,false,false,false,
000424,0,0,0,0,상행,200000,수도권본부,210500,동서울,437110.0,1000,수도권제1순환선,0000000000,경기 의왕시 청계동,424,0,휴게소,청계졸음쉼터,청계졸음쉼터,false,,false,false,false,false,
000423,0,0,0,0,상행,200000,수도권본부,210500,동서울,462130.0,1000,수도권제1순환선,0000000000,경기 성남시 중원구 성남동,423,0,휴게소,청계졸음쉼터(舊성남),청계졸음쉼터(舊성남),false,,false,false,false,false,
A00245,0,0,0,0,상행,200000,수도권본부,210500,동서울,471060.0,1000,수도권제1순환선,0000000000,경기 구리시 토평동 108-7,426,0,휴게소,행복드림쉼터,행복드림쉼터,false,,false,false,false,false,
A00217,0,19,19,1,하행,800000,전북본부,810700,진안,566813.0,270,순천완주선,0000000000,전북 임실군 관촌면 방현리 산32,393,0,휴게소,관촌(광양)휴게소,관촌(광양),false,,false,false,false,false,
A00218,0,19,19,0,상행,800000,전북본부,810700,진안,566813.0,270,순천완주선,00000000000,전북 임실군 관촌면 방현리 산 39-2,392,0,휴게소,관촌(전주)휴게소,관촌(전주),false,,false,false,false,false,
A00193,110,6,114,1,하행,500000,광주전남본부,510900,구례,566893.0,270,순천완주선,0636446116,전북 임실군 오수면 오산리 675-18,361,0,휴게소,오수(순천)휴게소,오수(순천),true,,true,true,false,false,
A00194,114,6,57,0,상행,500000,광주전남본부,510900,구례,566893.0,270,순천완주선,0636445115,전북 임실군  순천완주고속도로 74,360,0,휴게소,오수(완주)휴게소,오수(완주),true,,true,true,false,false,true
A00310,104,6,44,1,하행,500000,광주전남본부,510900,구례,55792.0,270,순천완주선,0636312020,전북 남원시 수지면 순천완주고속도로 49,594,0,휴게소,춘향(순천)휴게소,춘향(순천),true,,false,false,false,false,
A00220,0,0,0,1,하행,500000,광주전남본부,510900,구례,590922.0,270,순천완주선,0000000000,전북 남원시 수지면 남창리 산39-1,391,0,휴게소,춘향(순천)휴게소,춘향(순천),true,,false,false,false,false,
A00219,0,0,0,0,상행,500000,광주전남본부,510900,구례,590922.0,270,순천완주선,0000000000,전북 남원시 수지면 산정리 산11-4,390,0,휴게소,춘향(완주)휴게소,춘향(완주),true,,false,false,false,false,
A00311,111,6,63,0,상행,500000,광주전남본부,510900,구례,55792.0,270,순천완주선,0636356688,전북 남원시 수지면 순천완주고속도로 50,595,0,휴게소,춘향(완주)휴게소,춘향(완주),true,,false,false,false,false,
A00196,760,2,20,1,하행,500000,광주전남본부,510900,구례,540823.0,270,순천완주선,0617821135,전남 순천시 황전면 선변리 560-7,364,0,휴게소,황전(순천)휴게소,황전(순천),true,,true,true,false,false,
A00197,95,4,20,0,상행,500000,광주전남본부,510900,구례,540823.0,270,순천완주선,0617821154,전남 순천시 황전면 선변리 595-7,365,0,휴게소,황전(완주)휴게소,황전(완주),true,,true,true,false,false,
A00111,195,232,32,1,하행,300000,강원본부,310200,대관령,210840.0,500,영동선,0336488850,강원도 강릉시 성산면 보광리 산273,181,0,휴게소,강릉(강릉)휴게소,강릉(강릉),true,,true,true,false,true,
A00110,254,306,46,0,상행,300000,강원본부,310200,대관령,210840.0,500,영동선,0336479970,강원도 강릉시 성산면 보광리 산4-2,182,0,휴게소,강릉(인천)휴게소,강릉(인천),true,,true,true,false,false,
A00154,559,670,83,0,상행,300000,강원본부,210600,이천,467811.0,500,영동선,0316349200,경기 이천시 마장면 각평리 319,292,0,휴게소,덕평휴게소,덕평,true,,true,true,true,true,true
A00024,287,316,24,1,하행,300000,강원본부,310100,원주,220801.0,500,영동선,0337318481,강원 원주시 문막읍 원문로 1234,201,0,휴게소,문막(강릉)휴게소,문막(강릉),true,1.0,true,true,true,true,
A00013,107,139,28,0,상행,300000,강원본부,311000,-,220807.0,500,영동선,0337347471,강원 원주시 문막읍 포진리,199,0,휴게소,문막(인천)휴게소,문막(인천),true,,true,true,false,false,
A00280,0,0,0,0,상행,300000,강원본부,310100,원주,22083.0,500,영동선,0330000000,강원도 원주시 소초면 평창리 산 125-8,559,0,휴게소,소초졸음쉼터,소초졸음쉼터,false,,false,false,false,false,
000427,0,0,0,0,상행,200000,수도권본부,210800,시흥,429130.0,500,영동선,0000000000,경기 시흥시 계수동 서해안로1780번길 94,427,0,휴게소,시흥졸음쉼터내측,시흥졸음쉼터내측,false,,false,false,false,false,
A00309,0,0,0,0,상행,200000,수도권본부,210800,시흥,429130.0,500,영동선,0000000000,경기 시흥시 계수동 서울외곽고속도로 졸음쉼터,429,0,휴게소,시흥졸음쉼터외측,시흥졸음쉼터외측,false,,false,false,false,false,
A00307,400,12,20,0,상행,200000,수도권본부,210200,군포,15210.0,500,영동선,0314827775,경기 안산시 단원구 영동고속도로 15(선부동),589,0,휴게소,안산휴게소,안산,false,,false,false,false,false,
A00012,286,23,83,1,하행,300000,강원본부,210600,이천,469883.0,500,영동선,0318823120,경기 여주군 가남면 본두리 687-1,203,0,휴게소,여주(강릉)휴게소,여주(강릉),true,,true,true,true,true,
A00011,201,219,13,0,상행,300000,강원본부,210600,이천,469880.0,500,영동선,0318822900,경기도 여주시 가남읍 화평길 116,204,0,휴게소,여주(인천)휴게소,여주(인천),true,,true,true,false,false,
A00010,264,12,31,1,하행,300000,강원본부,210600,이천,449010.0,500,영동선,0313393663,경기도 용인시 고림동 9번지,207,0,휴게소,용인(강릉)휴게소,용인(강릉),true,,true,true,false,true,true
A00009,134,7,28,0,상행,300000,강원본부,210600,이천,449010.0,500,영동선,0313393660,경기도 용인시 고림동 89번지,208,0,휴게소,용인(인천)휴게소,용인(인천),true,,true,true,false,false,
A00272,0,0,0,1,하행,300000,강원본부,310200,대관령,25349.0,500,영동선,00000000000,강원도 평창군 대관령면 유천리 838-1,541,0,휴게소,월정(강릉)졸음쉼터,월정(강릉)졸음쉼터,false,,false,false,false,false,
A00271,0,0,0,1,하행,200000,수도권본부,210200,군포,440310.0,500,영동선,0310000000,경기 수원시 장안구 이목동 108 고속도로 이목(강릉) 졸음쉼터내,435,0,휴게소,이목(강릉)졸음쉼터,이목(강릉)졸음쉼터,false,,false,false,false,false,
A00101,83,121,35,1,하행,300000,강원본부,310200,대관령,232930.0,500,영동선,0333345100,강원도 평창군 용평면 이목정리 778-2,188,0,휴게소,평창(강릉)휴게소,평창(강릉),true,1.0,true,true,false,true,
A00100,203,14,13,0,상행,300000,강원본부,310200,대관령,232935.0,500,영동선,0333336131,강원 평창군 용평면 이목정리,186,0,휴게소,평창(인천)휴게소,평창(인천),true,,true,true,false,false,
000434,0,0,0,1,하행,200000,수도권본부,210300,수원,463470.0,500,영동선,0310000000,경기 성남시 분당구 궁내동 257-20,434,0,휴게소,하이패스센터졸음쉼터,하이패스센터졸음쉼터,false,,false,false,false,false,
A00019,168,208,34,1,하행,300000,강원본부,310100,원주,25268.0,500,영동선,0333424231,강원도 횡성군 안흥면 영동고속도로 154,194,0,휴게소,횡성(강릉)휴게소,횡성(강릉),true,1.0,true,true,false,true,
A00018,212,9,25,0,상행,300000,강원본부,310100,원주,225820.0,500,영동선,0333424200,강원 횡성군 안흥면 영동고속도로 153,195,0,휴게소,횡성(인천)휴게소,횡성(인천),true,,true,true,false,false,
A00216,36,52,16,0,상행,800000,전북본부,810700,진안,565812.0,205,완주장수선,0000000000,전북 완주군 용진면 상삼리 산 49-3,394,0,휴게소,완주(익산)휴게소,완주(익산),false,,false,false,false,false,
A00215,36,52,16,1,하행,800000,전북본부,810700,진안,565812.0,205,완주장수선,0632446601,전북 완주군 용진면 상삼리 산 106,395,0,휴게소,완주(장수)휴게소,완주(장수),false,,false,false,false,false,
A00161,86,118,24,0,상행,800000,전북본부,810700,진안,567801.0,205,완주장수선,0634321380,전북 진안군 진안읍 단양리 171-110,285,0,휴게소,진안마이산(익산)휴게소,진안마이산(익산),true,,true,true,false,false,
A00162,100,138,30,1,하행,800000,전북본부,810700,진안,567801.0,205,완주장수선,0634326350,전북 진안군 진안읍 단양리 333-75,286,0,휴게소,진안마이산(장수)휴게소,진안마이산(장수),true,,true,true,false,false,
A00270,25,2,10,0,상행,700000,부산경남본부,710800,경주,44936.0,160,울산선,0522542821,울산광역시 울주군 언양읍 언양로 429,538,0,휴게소,울산행복드림쉼터,울산행복드림쉼터,false,,false,false,false,false,
A00257,20,1,6,0,상행,700000,부산경남본부,710800,경주,780892.0,652,울산포항선,0540000000,경북 경주시 양북면 용동리 산241-5,501,0,휴게소,양북임시(상)휴게소,양북임시(상),false,,false,false,false,false,
A00258,6,1,10,1,하행,700000,부산경남본부,710800,경주,780892.0,652,울산포항선,0540000000,경북 경주시 양북면 용동리 산241-7,502,0,휴게소,양북임시(하)휴게소,양북임시(하),false,,false,false,false,false,
A00247,46,3,27,1,하행,700000,부산경남본부,710800,경주,38206.0,652,울산포항선,0547450637,경상북도 경주시 외동읍 내외로 577-189 상석길 58-74,441,0,휴게소,외동(부산)휴게소,외동(부산),true,,true,true,false,false,
A00246,51,3,21,0,상행,700000,부산경남본부,710800,경주,38204.0,652,울산포항선,0547450631,경북 경주시 외동읍 상석길 58-70,440,0,휴게소,외동(포항)휴게소,외동(포항),true,,true,true,false,true,
000483,0,0,0,0,상행,990000,-,210100,인천,404300.0,1300,인천국제공항선,00000000000,인천 서구 오류동 정서진남로 25,483,0,휴게소,영종대교휴게소,영종대교,false,,false,false,false,false,
A00287,0,0,0,0,상행,900000,충북본부,310600,충주,46988.0,450,중부내륙선,031000000,경기도 여주시 가남읍 삼승리 143-1,566,0,휴게소,가남(창원)졸음쉼터,가남(창원)졸음쉼터,false,,false,false,false,false,
A00144,75,104,24,1,하행,900000,충북본부,310600,충주,367872.0,450,중부내륙선,0438326594,충북 괴산군 장연면 오가리 293-2,295,0,휴게소,괴산(양평)휴게소,괴산(양평),false,,true,true,false,true,
A00145,109,137,24,0,상행,900000,충북본부,310600,충주,367872.0,450,중부내륙선,0438327966,충북 괴산군 장연면 오가리 103번지,303,0,휴게소,괴산(창원)휴게소,괴산(창원),false,,true,true,false,false,
A00160,92,124,29,1,하행,600000,대구경북본부,610800,성주,719843.0,450,중부내륙선,0549315741,경북 성주군 용암면 본리 428,278,0,휴게소,남성주참외(양평)휴게소,남성주참외(양평),true,,true,true,false,false,
A00158,96,137,38,0,상행,600000,대구경북본부,610800,성주,719831.0,450,중부내륙선,0549337105,경북 성주군 선남면 명포리 880-5,277,0,휴게소,남성주참외(창원)휴게소,남성주참외(창원),true,,true,true,false,false,
A00312,0,0,0,0,상행,300000,강원본부,210600,이천,12571.0,450,중부내륙선,0310000000,경기도 양평군 강상면 중부내륙고속도로 298,598,0,휴게소,남한강휴게소,남한강,false,,false,false,false,false,
A00146,193,6,102,1,하행,900000,충북본부,910100,-,745240.0,450,중부내륙선,0545541620,경북 문경시 유곡동 458,268,0,휴게소,문경(양평)휴게소,문경(양평),false,2.0,true,true,false,true,
A00147,133,8,131,0,상행,900000,충북본부,610600,상주,745240.0,450,중부내륙선,0545541655,경북 문경시 유곡동 중부내륙고속도로173 460,273,0,휴게소,문경(창원)휴게소,문경(창원),false,,true,true,false,false,
A00188,50,70,18,0,상행,300000,강원본부,210600,이천,12641.0,450,중부내륙선,0318859760,경기 여주시 세종대왕면 중부내륙고속도로 272,350,0,휴게소,서여주(양평)휴게소,서여주(양평),true,,true,true,false,true,
A00189,50,70,18,1,하행,300000,강원본부,210600,이천,12641.0,450,중부내륙선,0318849714,경기 여주시 세종대왕면 중부내륙고속도로 271,351,0,휴게소,서여주(창원)휴게소,서여주(창원),true,,true,true,false,false,
A00120,58,231,169,1,하행,900000,충북본부,610600,상주,730830.0,450,중부내륙선,0544826011,경북 구미시 옥성면 대원리 31-3,173,0,휴게소,선산(양평)휴게소,선산(양평),false,,true,true,false,true,
A00121,56,239,179,0,상행,900000,충북본부,610600,상주,730830.0,450,중부내륙선,0544826031,경북 구미시 옥성면 대원리 85-1,174,0,휴게소,선산(창원)휴게소,선산(창원),false,,true,true,false,true,
A00221,115,6,92,1,하행,600000,대구경북본부,610800,성주,40008.0,450,중부내륙선,0549330800,경북 성주군 초전면 용봉리(중부내륙고속도로),397,0,휴게소,성주(양평)휴게소,성주(양평),true,,true,true,false,true,
A00222,110,6,97,0,상행,600000,대구경북본부,610800,성주,719814.0,450,중부내륙선,0549320800,경북 성주군 초전면 용봉리 산129-48,396,0,휴게소,성주(창원)휴게소,성주(창원),true,,true,true,false,true,
A00016,68,106,35,0,상행,700000,부산경남본부,710200,창녕,635860.0,450,중부내륙선,0555212978,경남 창녕군 영산면 신제리 1471-1,177,0,휴게소,영산(창원)휴게소,영산(창원),true,,true,true,false,false,
A00279,0,0,0,1,하행,700000,부산경남본부,710200,창녕,63580.0,450,중부내륙선,0510000000,경남 창녕군 창녕읍 탐하리 81-11 중부내륙고속도로 창녕(양평)졸음쉼터,558,0,휴게소,창녕(양평)졸음쉼터,창녕(양평)졸음쉼터,false,,false,false,false,false,
A00127,165,8,66,1,하행,900000,충북본부,310600,충주,380922.0,450,중부내륙선,0438579229,충북 충주시 중앙탑면  중부내륙고속도록 230-1,169,0,휴게소,충주(양평)휴게소,충주(양평),false,,true,true,false,true,true
A00128,209,9,52,0,상행,900000,충북본부,310600,충주,380922.0,450,중부내륙선,0438579339,충북 충주시 가금면 용전리 산 50-3,170,0,휴게소,충주(창원)휴게소,충주(창원),false,,true,true,false,false,
A00094,99,5,24,1,하행,700000,부산경남본부,710200,창녕,637940.0,450,중부내륙선,0555879656,경남 함안군 칠서면 계내리 35,179,0,휴게소,칠서(양평)휴게소,칠서(양평),true,,true,true,false,true,
A00089,49,134,82,0,상행,700000,부산경남본부,710200,창녕,711870.0,4510,중부내륙선의 지선,0536150337,대구광역시 달성군 현풍면 성하리 342,243,0,휴게소,현풍(대구)휴게소,현풍(대구),true,,true,true,false,true,
A00090,107,128,14,1,하행,700000,부산경남본부,710200,창녕,711872.0,4510,중부내륙선의 지선,0536142436,대구 달성군 현풍면 성하리 286,244,0,휴게소,현풍(창원)휴게소,현풍(창원),true,,true,true,false,false,
A00231,462,10,36,0,상행,200000,수도권본부,210400,경기광주,467813.0,352,중부선,0316300001,경기 이천시 마장면 목리 산 13-32,409,0,휴게소,마장휴게소,마장,true,,true,true,true,false,true
A00284,0,0,0,0,상행,900000,충북본부,410400,진천,28643.0,352,중부선,0430000000,충북 청주시 서원구 내수동로108번길 35,563,0,휴게소,서청주IC주차장,서청주IC주차장,false,,false,false,false,false,
A00039,75,100,22,1,하행,900000,충북본부,410400,진천,363880.0,352,중부선,0432171477,충북 청원군 오창면 화산리 395-15,150,0,휴게소,오창(남이)휴게소,오창(남이),false,,true,true,false,false,
A00038,114,6,40,0,상행,900000,충북본부,410400,진천,363880.0,352,중부선,0432178303,충북 청원군 오창면 화산리 396-10,149,0,휴게소,오창(하남)휴게소,오창(하남),false,,true,true,false,true,
A00041,145,12,200,1,하행,900000,충북본부,410400,진천,369830.0,352,중부선,0438786410,충북 음성군 삼성면 용성리 산44,146,0,휴게소,음성(남이)휴게소,음성(남이),false,,true,true,false,false,
A00040,174,298,114,0,상행,900000,충북본부,410400,진천,369830.0,352,중부선,0438786403,충북 음성군 삼성면 양덕리 100-1,145,0,휴게소,음성(하남)휴게소,음성(하남),false,,true,true,false,true,
A00008,110,4,12,1,하행,200000,수도권본부,210400,경기광주,467813.0,352,중부선,0316370987,경기 이천시 마장면 목리 142,144,0,휴게소,이천(남이)휴게소,이천(남이),true,,true,true,false,false,
A00007,181,239,52,0,상행,200000,수도권본부,210400,경기광주,17305.0,352,중부선,0316381117,경기 이천시 신둔면 서이천로853번길 346-129,141,0,휴게소,이천쌀(하남)휴게소,이천쌀(하남),false,,false,false,false,false,
A00286,0,0,0,0,상행,900000,충북본부,410400,진천,27846.0,352,중부선,0430000000,"충북 진천군 초평면 중석3길 14, 진천졸음쉼터내",565,0,휴게소,진천(하남)졸음쉼터,진천(하남)졸음쉼터,false,,false,false,false,false,
A00288,0,0,0,1,하행,900000,충북본부,410400,진천,27846.0,352,중부선,00000000000,충청북도 진천군 문백면 구곡리 87,539,0,휴게소,진천농다리졸음쉼터,진천농다리졸음쉼터,false,,false,false,false,false,
A00006,598,643,25,1,하행,200000,수도권본부,211000,-,467733.0,352,중부선,0317914200,경기 하남시  중부고속도로 117,139,0,휴게소,하남드림휴게소,하남드림,true,,true,true,false,false,
000491,0,0,0,0,상행,990000,-,210100,인천,464840.0,550,중앙선,03180273945,경기 광주시 곤지암읍 만삼로 211,491,0,휴게소,광주(광주)휴게소,광주(광주),false,,false,false,false,false,
000492,0,0,0,1,하행,990000,-,210100,인천,464840.0,550,중앙선,03180273940,경기 광주시 곤지암읍 만삼로 270,492,0,휴게소,광주(원주)휴게소,광주(원주),false,,false,false,false,false,
A00081,91,168,73,1,하행,600000,대구경북본부,610400,군위,43111.0,550,중앙선,0543836114,대구광역시 군위군 군위읍 오곡리 산67-5,229,0,휴게소,군위(부산)휴게소,군위(부산),true,,true,true,false,true,
A00082,91,168,73,0,상행,600000,대구경북본부,610400,군위,43111.0,550,중앙선,0543837114,대구광역시 군위군 군위읍 오곡리 산68-8,230,0,휴게소,군위(춘천)휴게소,군위(춘천),true,,true,true,false,true,
A00112,80,116,32,1,하행,900000,충북본부,310500,제천,395850.0,550,중앙선,0434235401,충청북도 단양군 적성면 기동리 산74-1,223,0,휴게소,단양팔경(부산)휴게소,단양팔경(부산),false,,true,true,false,false,true
A00113,76,144,63,0,상행,900000,충북본부,310500,제천,395860.0,550,중앙선,0434211671,충청북도 단양군 단성면 하방리 56,221,0,휴게소,단양팔경(춘천)휴게소,단양팔경(춘천),false,,true,true,false,false,
A00134,110,7,48,0,상행,600000,대구경북본부,610400,군위,718921.0,550,중앙선,0549776921,경북 칠곡군 동명면 가천리 120-2,249,0,휴게소,동명(부산)휴게소,동명(부산),true,2.0,true,true,false,true,
A00133,91,8,39,1,하행,600000,대구경북본부,610400,군위,718921.0,550,중앙선,0549776901,경북 칠곡군 동명면  중앙고속도로 122,250,0,휴게소,동명(춘천)휴게소,동명(춘천),true,2.0,true,true,false,true,
A00079,125,204,75,1,하행,600000,대구경북본부,610500,영주,760800.0,550,중앙선,0548534061,경북 안동시 풍산읍 계평리 산547-6,225,0,휴게소,안동(부산)휴게소,안동(부산),true,,true,true,false,true,
A00080,141,266,120,0,상행,600000,대구경북본부,610500,영주,760800.0,550,중앙선,0548534062,경북 안동시 풍산읍 계평리 산128-2,226,0,휴게소,안동(춘천)휴게소,안동(춘천),true,1.0,true,true,false,true,
000487,0,0,0,0,상행,990000,-,210100,인천,476884.0,550,중앙선,03180272191,경기 양평군 양동면 여양3로 384-27,487,0,휴게소,양평(광주)휴게소,양평(광주),false,,false,false,false,false,
000488,0,0,0,1,하행,990000,-,210100,인천,476884.0,550,중앙선,03180272172,경기 양평군 양동면 송석2길 52,488,0,휴게소,양평(원주)휴게소,양평(원주),false,,false,false,false,false,
A00166,52,79,25,1,하행,600000,대구경북본부,610500,영주,750861.0,550,중앙선,0546348600,경북 영주시 장수면 파지리 277,311,0,휴게소,영주(부산)휴게소,영주(부산),false,,false,false,false,false,
A00167,52,79,25,0,상행,600000,대구경북본부,610500,영주,750861.0,550,중앙선,0546348700,경북 영주시 장수면 파지리 280,312,0,휴게소,영주(춘천)휴게소,영주(춘천),false,,false,false,false,false,
A00148,119,6,16,1,하행,300000,강원본부,310400,홍천,220923.0,550,중앙선,0337311794,강원 원주시 호저면 옥산리 211,299,0,휴게소,원주(부산)휴게소,원주(부산),true,,true,true,false,true,
A00149,127,6,30,0,상행,300000,강원본부,310400,홍천,220923.0,550,중앙선,0337314366,강원 원주시 호저면 옥산리 219-1,300,0,휴게소,원주(춘천)휴게소,원주(춘천),true,,true,true,false,true,
A00180,20,60,40,1,하행,900000,충북본부,310500,제천,390872.0,550,중앙선,0434235401,충북 제천시 봉양읍 삼거리 647-1,328,0,휴게소,제천(부산)휴게소,제천(부산),false,,false,false,false,false,
A00168,20,50,30,0,상행,900000,충북본부,310500,제천,390872.0,550,중앙선,0436539123,충북 제천시 봉양읍 삼거리 425,313,0,휴게소,제천(춘천)휴게소,제천(춘천),false,,false,false,false,false,
000477,0,0,0,0,상행,990000,-,210100,인천,714801.0,550,중앙선,00000000000,경북 청도군 청도읍 거연리 288,477,0,휴게소,청도새마을(대구)휴게소,청도새마을(대구),false,,false,false,false,false,
000478,0,0,0,1,하행,990000,-,210100,인천,714801.0,550,중앙선,00000000000,경북 청도군 청도읍 거연리 950,478,0,휴게소,청도새마을(부산)휴게소,청도새마을(부산),false,,false,false,false,false,
A00131,151,166,11,1,하행,300000,강원본부,310400,홍천,200882.0,550,중앙선,0332640394,강원 춘천시 동내면 사암리 산112-1,211,0,휴게소,춘천(부산)휴게소,춘천(부산),true,,true,true,false,true,
A00028,67,135,63,1,하행,900000,충북본부,310500,제천,26506.0,550,중앙선,0337629234,강원 원주시 신림면 금창리(치악로)416 치악(부산)휴게소,217,0,휴게소,치악(부산)휴게소,치악(부산),false,,true,true,false,true,
A00029,64,135,66,0,상행,900000,충북본부,310500,제천,220860.0,550,중앙선,0337628030,강원도 원주시 신림면 금창리 500-55,218,0,휴게소,치악(춘천)휴게소,치악(춘천),false,,true,true,false,true,
A00027,46,112,60,0,상행,300000,강원본부,310400,홍천,250880.0,550,중앙선,0334351201,강원도 홍천군 북방면 소매곡리 294,213,0,휴게소,홍천강(춘천)휴게소,홍천강(춘천),true,1.0,true,true,false,true,
A00152,101,4,45,0,상행,700000,부산경남본부,710700,고성,638951.0,351,통영대전선,0556740494,경남 고성군 대가면 신전리 85번지,289,0,휴게소,고성공룡나라(대전)휴게소,고성공룡나라(대전),true,,true,true,false,false,
A00153,101,4,57,1,하행,700000,부산경남본부,710700,고성,638951.0,351,통영대전선,0556747028,경남 고성군 대가면 송계리 447-7번지,288,0,휴게소,고성공룡나라(통영)휴게소,고성공룡나라(통영),true,,true,true,false,false,
A00104,170,218,44,0,상행,800000,전북본부,810300,무주,312830.0,351,통영대전선,0417549200,충남 금산군 군북면 대암길 34-30,153,0,휴게소,금산인삼랜드(대전)휴게소,금산인삼랜드(대전),true,,true,true,false,false,
A00105,201,6,36,1,하행,800000,전북본부,810300,무주,312830.0,351,통영대전선,0417512892,충남 금산군 군북면 외부리 718,154,0,휴게소,금산인삼랜드(통영)휴게소,금산인삼랜드(통영),true,,true,true,false,false,
A00114,143,6,42,0,상행,800000,전북본부,810300,무주,568840.0,351,통영대전선,0633534200,전라북도 무주군 안성면 공진리 471,157,0,휴게소,덕유산(대전)휴게소,덕유산(대전),true,,true,true,false,false,
A00115,147,206,51,1,하행,800000,전북본부,810300,무주,597860.0,351,통영대전선,0633535100,전라북도 장수군 계북면 통영대전고속도로 147,158,0,휴게소,덕유산(통영)휴게소,덕유산(통영),true,,true,true,false,true,
A00098,97,146,45,0,상행,700000,부산경남본부,710600,산청,666940.0,351,통영대전선,0559735970,경남 산청군 단성면 방목리 산71-7,165,0,휴게소,산청(대전)휴게소,산청(대전),true,,true,true,false,false,
A00099,82,3,45,1,하행,700000,부산경남본부,710600,산청,666940.0,351,통영대전선,0559739036,경남 산청군 단성면 방목리 산68-7,166,0,휴게소,산청(통영)휴게소,산청(통영),true,2.0,true,true,false,true,
000486,0,0,0,0,상행,200000,수도권본부,210400,경기광주,464810.0,351,통영대전선,00000000000,경기 광주시 중부면 상번천리 803-2 상번천졸음쉼터,486,0,휴게소,상번천(통영)졸음쉼터,상번천(통영)졸음쉼터,false,,false,false,false,false,
A00275,75,101,22,0,상행,700000,부산경남본부,710600,산청,67685.0,351,통영대전선,0559638001,경남 함양군 지곡면 보산리 278-6,551,0,휴게소,함양(대전)휴게소,함양(대전),true,,true,true,false,false,
A00276,93,124,27,1,하행,700000,부산경남본부,710600,산청,67685.0,351,통영대전선,,경남 함양군 지곡면 보산리 산40-1,552,0,휴게소,함양(통영)휴게소,함양(통영),true,,true,true,false,true,
A00129,75,101,22,0,상행,700000,부산경남본부,710600,산청,676852.0,350,"통영대전선,중부선",0559638001,경남 함양군 지곡면 보산리 278-6,161,0,휴게소,함양(대전)휴게소,함양(대전),true,,true,true,false,false,
A00130,93,124,27,1,하행,700000,부산경남본부,710600,산청,676852.0,350,"통영대전선,중부선",0559639546,경남 함양군 지곡면 보산리산40-1,162,0,휴게소,함양(통영)휴게소,함양(통영),true,,true,true,false,true,
000458,0,0,0,0,상행,990000,-,210100,인천,445871.0,1530,평택시흥선,00000000000,경기 화성시 송산면 고정리 349-26,458,0,휴게소,송산포도휴게소,송산포도,false,,false,false,false,false,
A00233,61,0,26,1,하행,900000,충북본부,310800,엄정,27681.0,400,평택제천선,0438810001,충북 음성군 금왕읍 용계리 평택제천고속도로 70,414,0,휴게소,금왕(제천)휴게소,금왕(제천),false,,true,true,false,false,true
A00232,55,4,41,0,상행,900000,충북본부,310800,엄정,369900.0,400,평택제천선,0438777000,충북 음성군 금왕읍 용계리,413,0,휴게소,금왕(평택)휴게소,금왕(평택),false,,true,true,false,true,
A00169,101,5,67,1,하행,900000,충북본부,310800,엄정,456853.0,400,평택제천선,0316744406,경기 안성시 서운면 신능리 51-11 외 29필지,333,0,휴게소,안성맞춤(제천)휴게소,안성맞춤(제천),false,,true,true,false,false,
A00165,101,6,58,0,상행,900000,충북본부,310800,엄정,456853.0,400,평택제천선,0316733822,경기 안성시 서운면 신능리 51-16 외 23필지,331,0,휴게소,안성맞춤(평택)휴게소,안성맞춤(평택),false,,true,true,false,true,
A00274,0,0,0,0,상행,900000,충북본부,310800,엄정,38092.0,400,평택제천선,00000000000,충청북도 충주시 중앙탑면 하구암리 352-3 중앙탑졸음쉼터,547,0,휴게소,중앙탑(평택)졸음쉼터,중앙탑(평택)졸음쉼터,false,,false,false,false,false,
A00240,75,3,44,1,하행,900000,충북본부,310800,엄정,380830.0,400,평택제천선,0438442991,충북 충주시 산척면 평택제천고속도로 106,419,0,휴게소,천등산(제천)휴게소,천등산(제천),false,,true,true,false,true,
A00239,85,3,26,0,상행,900000,충북본부,310800,엄정,380830.0,400,평택제천선,043-844-2930,충북 충주시 산척면 평택제천고속도로 109,420,0,휴게소,천등산(평택)휴게소,천등산(평택),false,,true,true,false,true,
A00299,0,0,0,0,상행,200000,수도권본부,210700,화성,17797.0,400,평택제천선,0316834800,경기 평택시 청북읍 평택제천고속도로 6(평택복합휴게소),572,0,휴게소,평택휴게소,평택,false,,true,true,true,false,
000457,0,0,0,1,하행,990000,-,210100,인천,447250.0,170,평택파주선,00000000000,경기 오산시 지곶동 60-10,457,0,휴게소,오산(동탄)휴게소,오산(동탄),false,,false,false,false,false,
000456,0,0,0,0,상행,990000,-,210100,인천,447250.0,170,평택파주선,00000000000,경기 오산시 지곶동 56-8,456,0,휴게소,오산(봉담)휴게소,오산(봉담),false,,false,false,false,false,
A00302,111,5,43,1,하행,700000,부산경남본부,710900,서울산,44956.0,140,함양울산선,0529334242,울산 울주군 삼동면 보은리 산 213-15 외 10필지,578,0,휴게소,울주(울산)휴게소,울주(울산),true,,false,true,false,false,
A00301,153,5,50,0,상행,700000,부산경남본부,710900,서울산,44956.0,140,함양울산선,0529335242,울산 울주군 삼동면 보은리 산 193-1 외 필지,577,0,휴게소,울주(함양)휴게소,울주(함양),true,,false,true,false,false,
A00063,125,4,11,1,하행,500000,광주전남본부,510700,담양,516930.0,251,호남선,0613632766,전남 곡성군 겸면 가정리 산96-6,131,0,휴게소,곡성(순천)휴게소,곡성(순천),true,,true,true,false,true,
A00056,84,5,21,0,상행,500000,광주전남본부,510700,담양,516930.0,251,호남선,0613628300,전남 곡성군 겸면 가정리 347,130,0,휴게소,곡성(천안)휴게소,곡성(천안),true,,true,true,false,true,
A00061,60,93,29,1,하행,500000,광주전남본부,510200,광주,57202.0,251,호남선,0613949990,전라남도 장성군 북이면 호남고속도로 107 (백양사휴게소(하)),127,0,휴게소,백양사(순천)휴게소,백양사(순천),true,,true,true,false,true,
A00060,60,93,29,0,상행,500000,광주전남본부,510200,광주,57230.0,251,호남선,0613945177,전라남도 장성군 북일면 호남고속도로 108 (백양사휴게소(상행)) 박산리 158,126,0,휴게소,백양사(천안)휴게소,백양사(천안),true,1.0,true,true,false,true,
A00064,40,242,10,1,하행,500000,광주전남본부,510300,순천,540810.0,251,호남선,0617554982,전남 순천시 서면 비월리 산169-2,138,0,휴게소,순천(순천)휴게소,순천(순천),true,1.0,true,true,false,true,
A00045,164,229,60,1,하행,800000,전북본부,810400,논산,570930.0,251,호남선,0638365168,전북 익산시 여산면 호산리 32-6,119,0,휴게소,여산(순천)휴게소,여산(순천),true,,true,true,false,true,
A00044,147,168,17,0,상행,800000,전북본부,810400,논산,570930.0,251,호남선,0638365280,전북 익산시 여산면 호산리 24-1,118,0,휴게소,여산(천안)휴게소,여산(천안),true,,false,true,false,true,
A00228,22,3,10,1,하행,500000,광주전남본부,520100,보성,526871.0,251,호남선,07043258112,전남 영암군 학산면 상월리 산 117-7,406,0,휴게소,영암(광양)휴게소,영암(광양),false,,false,false,false,false,
A00229,22,3,10,0,상행,500000,광주전남본부,520100,보성,526871.0,251,호남선,07043258112,전남 영암군 학산면 상월리 산 117-5,407,0,휴게소,영암(목포)휴게소,영암(목포),false,,false,false,false,false,
A00191,57,92,29,1,하행,800000,전북본부,810100,전주,138170.0,251,호남선,0632274114,서울 송파구 송파동 185-5,355,0,휴게소,이서(순천)휴게소,이서(순천),true,,true,true,false,true,
A00190,55,90,29,0,상행,800000,전북본부,810100,전주,138170.0,251,호남선,0632362592,서울 송파구 송파동 185-5,358,0,휴게소,이서(천안)휴게소,이서(천안),true,,true,true,false,true,
A00052,126,159,25,1,하행,800000,전북본부,810100,전주,580810.0,251,호남선,0635320510,전북 정읍시 북면 남산리 19-1,123,0,휴게소,정읍녹두장군(순천)휴게소,정읍녹두장군(순천),true,,true,true,false,false,
A00051,123,169,40,0,상행,800000,전북본부,810100,전주,580810.0,251,호남선,0635322373,전북 정읍시 북면 남산리 20-5,122,0,휴게소,정읍녹두장군(천안)휴게소,정읍녹두장군(천안),true,,true,true,false,false,
A00055,61,95,30,1,하행,500000,광주전남본부,510300,순천,540840.0,251,호남선,0617544988,전남 순천시 주암면 고산리 252-2,134,0,휴게소,주암(순천)휴게소,주암(순천),true,2.0,true,true,false,true,
A00062,34,85,47,0,상행,500000,광주전남본부,510300,순천,540841.0,251,호남선,0617542229,전남 순천시 주암면 고산리 57-4,135,0,휴게소,주암(천안)휴게소,주암(천안),true,1.0,true,true,false,true,
A00043,79,140,57,1,하행,800000,전북본부,810400,논산,320880.0,2510,호남선의 지선,0417327694,충남 논산시 벌곡면 호남지선고속도로25,240,0,휴게소,벌곡(논산)휴게소,벌곡(논산),true,,true,true,false,true,
A00042,94,5,50,0,상행,800000,전북본부,810400,논산,320883.0,2510,호남선의 지선,0417345250,충남 논산시 벌곡면 양산리124-1,238,0,휴게소,벌곡(대전)휴게소,벌곡(대전),true,,true,true,false,true,
A00282,0,0,0,1,하행,400000,대전충남본부,410200,대전,30535.0,2510,호남선의 지선,0420000000,대전광역시 유성구 방현동 86 북대전IC(논산)졸음쉼터,561,0,휴게소,북대전(논산)졸음쉼터,북대전(논산)졸음쉼터,false,,false,false,false,false,
